Source,Destination
/,/de/home
/de,/de/home
/de.html,/de/home
/de/,/de/home
/de/bmw-alpina.html,/de/bmw-alpina
/de/bmw-financial-services-overview/bmw-leasing.html,/de/bmw-financial-services-overview/bmw-leasing
/de/bmw-financial-services-overview/form-finder.html,/de/bmw-financial-services-overview/form-finder
/de/bmw-modelle-vergleichen.html,/de/bmw-modelle-vergleichen
/de/bmw-service-hub.html,/de/bmw-service-hub
/de/bmw-service-hub/bmw-service-inclusive-kalkulator-gebrauchtwagen.html,/de/bmw-service-hub/bmw-service-inclusive-kalkulator-gebrauchtwagen
/de/bmw-service-hub/bmw-service-inclusive-kalkulator-neuwagen.html,/de/bmw-service-hub/bmw-service-inclusive-kalkulator-neuwagen
/de/bmw-service-hub/bmw-service/unfall-pannenhilfe.html,/de/bmw-service-hub/bmw-service/unfall-pannenhilfe
/de/campaigns/bmw-fuer-geschaeftskunden.html,/de/campaigns/bmw-fuer-geschaeftskunden
/de/campaigns/hvo100-erneuerbarer-diesel.html,/de/campaigns/hvo100-erneuerbarer-diesel
/de/digital-services/bmw-connecteddrive.html,/de/digital-services/bmw-connecteddrive
/de/digital-services/bmw-digital-key.html,/de/digital-services/bmw-digital-key
/de/digital-services/bmw-entertainment.html,/de/digital-services/bmw-entertainment
/de/digital-services/bmw-idrive.html,/de/digital-services/bmw-idrive
/de/digital-services/bmw-intelligent-personal-assistant.html,/de/digital-services/bmw-intelligent-personal-assistant
/de/digital-services/bmw-maps.html,/de/digital-services/bmw-maps
/de/elektroauto.html,/de/elektroauto
/de/elektroauto/batterie-technologie.html,/de/elektroauto/batterie-technologie
/de/elektroauto/bmw-charging-support.html,/de/elektroauto/bmw-charging-support
/de/elektroauto/elektroauto-kosten.html,/de/elektroauto/elektroauto-kosten
/de/elektroauto/elektroauto-reichweite.html,/de/elektroauto/elektroauto-reichweite
/de/elektroauto/elektroautos-vorteile.html,/de/elektroauto/elektroautos-vorteile
/de/elektroauto/foerderungen.html,/de/elektroauto/foerderungen
/de/elektroauto/foerderungen_privatkunden,/de/elektroauto/foerderungen-privatkunden
/de/elektroauto/foerderungen_privatkunden.html,/de/elektroauto/foerderungen-privatkunden
/de/elektroauto/gebrauchte-elektroautos.html,/de/elektroauto/gebrauchte-elektroautos
/de/elektroauto/home-charging.html,/de/elektroauto/home-charging
/de/elektroauto/plug-in-hybrid.html,/de/elektroauto/plug-in-hybrid
/de/elektroauto/public-charging.html,/de/elektroauto/public-charging
/de/elektroauto/rabatt-auf-die-bmw-wallbox-professional.html,/de/elektroauto/rabatt-auf-die-bmw-wallbox-professional
/de/fastlane/bmw-partner,/de/fastlane/dealer-locator
/de/fastlane/bmw-partner.html,/de/fastlane/dealer-locator
/de/fastlane/dealer-locator.html,/de/fastlane/dealer-locator
/de/footer/footer-section/cookie-policy.html,/de/footer/footer-section/cookie-policy
/de/footer/metanavigation/bmw-barrierefreiheit.html,/de/footer/metanavigation/bmw-barrierefreiheit
/de/footer/metanavigation/bmw-betrugsfaelle.html,/de/footer/metanavigation/bmw-betrugsfaelle
/de/footer/metanavigation/data-privacy.html,/de/footer/metanavigation/data-privacy
/de/footer/metanavigation/data-privacy/data-category.html,/de/footer/metanavigation/data-privacy/data-category
/de/footer/metanavigation/data-privacy/privacy-subpage-weblink-c.html,/de/footer/metanavigation/data-privacy/privacy-subpage-weblink-c
/de/footer/metanavigation/data-privacy/privacy-subpage-weblink-d.html,/de/footer/metanavigation/data-privacy/privacy-subpage-weblink-d
/de/footer/metanavigation/data-privacy/privacy-subpage-weblink-e.html,/de/footer/metanavigation/data-privacy/privacy-subpage-weblink-e
/de/footer/metanavigation/eu-batterieverordnung.html,/de/footer/metanavigation/eu-batterieverordnung
/de/footer/metanavigation/legal-disclaimer-pool/Produktsicherheitsverordnung,/de/footer/metanavigation/legal-disclaimer-pool/produktsicherheitsverordnung
/de/footer/metanavigation/legal-disclaimer-pool/Produktsicherheitsverordnung.html,/de/footer/metanavigation/legal-disclaimer-pool/produktsicherheitsverordnung
/de/footer/metanavigation/legal-disclaimer-pool/legal-disclaimer.html,/de/footer/metanavigation/legal-disclaimer-pool/legal-disclaimer
/de/footer/metanavigation/legal-notice-pool/imprint.html,/de/footer/metanavigation/legal-notice-pool/imprint
/de/home.html,/de/home
/de/index,/de/home
/de/index.html,/de/home
/de/konfigurator.html,/de/konfigurator
/de/landingpage/bmw-fahrfreude-gewinnen.html,/de/landingpage/bmw-fahrfreude-gewinnen
/de/landingpage/shops.html,/de/landingpage/shops
/de/mehr-bmw/bmw-efficientdynamics/pkw-envkv.html,/de/mehr-bmw/bmw-efficientdynamics/pkw-envkv
/de/mehr-bmw/bmw-gebrauchte.html,/de/mehr-bmw/bmw-gebrauchte
/de/mehr-bmw/bmw-gebrauchte/EUROPlusGarantie,/de/mehr-bmw/bmw-gebrauchte/europlusgarantie
/de/mehr-bmw/bmw-gebrauchte/EUROPlusGarantie.html,/de/mehr-bmw/bmw-gebrauchte/europlusgarantie
/de/mehr-bmw/bmw-gebrauchte/garantie.html,/de/mehr-bmw/bmw-gebrauchte/garantie
/de/mehr-bmw/bmw-gebrauchte/junge-gebrauchte.html,/de/mehr-bmw/bmw-gebrauchte/junge-gebrauchte
/de/mehr-bmw/bmw-gebrauchte/premium-selection.html,/de/mehr-bmw/bmw-gebrauchte/premium-selection
/de/mehr-bmw/bmw-individual.html,/de/mehr-bmw/bmw-individual
/de/mehr-bmw/bmw-special-sales.html,/de/mehr-bmw/bmw-special-sales
/de/mehr-bmw/bmw-special-sales/bmw-7-protection.html,/de/mehr-bmw/bmw-special-sales/bmw-7-protection
/de/mehr-bmw/bmw-special-sales/bmw-diplomatic-sales.html,/de/mehr-bmw/bmw-special-sales/bmw-diplomatic-sales
/de/mehr-bmw/bmw-special-sales/bmw-einsatzfahrzeuge.html,/de/mehr-bmw/bmw-special-sales/bmw-einsatzfahrzeuge
/de/mehr-bmw/bmw-special-sales/bmw-military-sales.html,/de/mehr-bmw/bmw-special-sales/bmw-military-sales
/de/mehr-bmw/bmw-special-sales/bmw-sonderschutzfahrzeuge.html,/de/mehr-bmw/bmw-special-sales/bmw-sonderschutzfahrzeuge
/de/mehr-bmw/bmw-special-sales/bmw-x5-protection-vr6.html,/de/mehr-bmw/bmw-special-sales/bmw-x5-protection-vr6
/de/mehr-bmw/concept-cars/bmw-speedtop.html,/de/mehr-bmw/concept-cars/bmw-speedtop
/de/mehr-bmw/die-exklusiven-bmw-automobile.html,/de/mehr-bmw/die-exklusiven-bmw-automobile
/de/mehr-bmw/digital-services-act.html,/de/mehr-bmw/digital-services-act
/de/mehr-bmw/grosskunden-behoerden/businesskunden/businessclass.html,/de/mehr-bmw/grosskunden-behoerden/businesskunden/businessclass
/de/mehr-bmw/grosskunden-behoerden/businesskunden/businessclass/ausgabe1-2024/automatisiertesfahren,/de/topics/faszination-bmw/grosskunden-behoerden/behoerdenfahrzeuge
/de/mehr-bmw/grosskunden-behoerden/businesskunden/businessclass/ausgabe1-2024/automatisiertesfahren.html,/de/topics/faszination-bmw/grosskunden-behoerden/behoerdenfahrzeuge
/de/mehr-bmw/grosskunden-behoerden/businesskunden/businessclass/ausgabe1-2024/der-klangmeister.html,/de/mehr-bmw/grosskunden-behoerden/businesskunden/businessclass/ausgabe1-2024/der-klangmeister
/de/mehr-bmw/grosskunden-behoerden/businesskunden/businessclass/ausgabe1-2024/nuerburgring.html,/de/mehr-bmw/grosskunden-behoerden/businesskunden/businessclass/ausgabe1-2024/nuerburgring
/de/mehr-bmw/grosskunden-behoerden/businesskunden/businessclass/ausgabe1-2024/retailnext,/de/topics/faszination-bmw/grosskunden-behoerden/behoerdenfahrzeuge
/de/mehr-bmw/grosskunden-behoerden/businesskunden/businessclass/ausgabe1-2024/retailnext.html,/de/topics/faszination-bmw/grosskunden-behoerden/behoerdenfahrzeuge
/de/mehr-bmw/grosskunden-behoerden/businesskunden/businessclass/ausgabe2-2024/25-jahre-X5,/de/mehr-bmw/grosskunden-behoerden/businesskunden/businessclass/ausgabe2-2024/25-jahre-x5
/de/mehr-bmw/grosskunden-behoerden/businesskunden/businessclass/ausgabe2-2024/25-jahre-X5.html,/de/mehr-bmw/grosskunden-behoerden/businesskunden/businessclass/ausgabe2-2024/25-jahre-x5
/de/mehr-bmw/grosskunden-behoerden/businesskunden/businessclass/ausgabe2-2024/transformation-der-flotte.html,/de/mehr-bmw/grosskunden-behoerden/businesskunden/businessclass/ausgabe2-2024/transformation-der-flotte
/de/mehr-bmw/grosskunden-behoerden/businesskunden/businessclass/fahrfreude.html,/de/mehr-bmw/grosskunden-behoerden/businesskunden/businessclass/fahrfreude
/de/mehr-bmw/grosskunden-behoerden/businesskunden/businessclass/fuhrparkmanagement.html,/de/mehr-bmw/grosskunden-behoerden/businesskunden/businessclass/fuhrparkmanagement
/de/mehr-bmw/grosskunden-behoerden/businesskunden/was-uns-bewegt.html,/de/mehr-bmw/grosskunden-behoerden/businesskunden/was-uns-bewegt
/de/mehr-bmw/kundenbetreuung.html,/de/mehr-bmw/kundenbetreuung
/de/mehr-bmw/sport-und-events/bmw-basketball.html,/de/mehr-bmw/sport-und-events/bmw-basketball
/de/mehr-bmw/sport-und-events/bmw-basketball/bmw-park.html,/de/mehr-bmw/sport-und-events/bmw-basketball/bmw-park
/de/mehr-bmw/sport-und-events/bmw-basketball/innovation.html,/de/mehr-bmw/sport-und-events/bmw-basketball/innovation
/de/mehr-bmw/sport-und-events/bmw-basketball/urban-culture.html,/de/mehr-bmw/sport-und-events/bmw-basketball/urban-culture
/de/mehr-bmw/sport-und-events/bmw-basketball/we-care.html,/de/mehr-bmw/sport-und-events/bmw-basketball/we-care
/de/mehr-bmw/sport-und-events/laufsport.html,/de/mehr-bmw/sport-und-events/laufsport
/de/mehr-bmw/sport-und-events/sport-und-kultur.html,/de/mehr-bmw/sport-und-events/sport-und-kultur
/de/mehr-bmw/sport-und-events/tennis.html,/de/mehr-bmw/sport-und-events/tennis
/de/mehr-bmw/technology-and-innovation/bmw-heart-of-joy.html,/de/mehr-bmw/technology-and-innovation/bmw-heart-of-joy
/de/mehr-bmw/technology-and-innovation/bmw-reifenkennzeichnung.html,/de/mehr-bmw/technology-and-innovation/bmw-reifenkennzeichnung
/de/mehr-bmw/teile-und-zubehoer/bmw-zubehoer-hub.html,/de/mehr-bmw/teile-und-zubehoer/bmw-zubehoer-hub
/de/mehr-bmw/teile-und-zubehoer/original-bmw-teile.html,/de/mehr-bmw/teile-und-zubehoer/original-bmw-teile
/de/more-bmw/landingpage/bmw-iaa-special-2025,/de/landingpage/bmw-fahrfreude-gewinnen
/de/more-bmw/landingpage/bmw-iaa-special-2025.html,/de/landingpage/bmw-fahrfreude-gewinnen
/de/more-bmw/sport-und-events/bmw-basketball/bmw-park.html,/de/more-bmw/sport-und-events/bmw-basketball/bmw-park
/de/my-bmw-app/my-bmw-app.html,/de/my-bmw-app/my-bmw-app
/de/neufahrzeuge.html,/de/neufahrzeuge
/de/neufahrzeuge/1er/bmw-1er/bmw-1er-technische-daten.html,/de/neufahrzeuge/1er/bmw-1er/bmw-1er-technische-daten
/de/neufahrzeuge/1er/bmw-1er/bmw-1er.html,/de/neufahrzeuge/1er/bmw-1er/bmw-1er
/de/neufahrzeuge/2er/2-series-active-tourer/bmw-2er-active-tourer-technische-daten.html,/de/neufahrzeuge/2er/2-series-active-tourer/bmw-2er-active-tourer-technische-daten
/de/neufahrzeuge/2er/2-series-active-tourer/bmw-2er-active-tourer.html,/de/neufahrzeuge/2er/2-series-active-tourer/bmw-2er-active-tourer
/de/neufahrzeuge/2er/2-series-coupe/bmw-2er-coupe-technische-daten.html,/de/neufahrzeuge/2er/2-series-coupe/bmw-2er-coupe-technische-daten
/de/neufahrzeuge/2er/2-series-coupe/bmw-2er-coupe.html,/de/neufahrzeuge/2er/2-series-coupe/bmw-2er-coupe
/de/neufahrzeuge/2er/gran-coupe/bmw-2er-gran-coupe-technische-daten.html,/de/neufahrzeuge/2er/gran-coupe/bmw-2er-gran-coupe-technische-daten
/de/neufahrzeuge/2er/gran-coupe/bmw-2er-gran-coupe.html,/de/neufahrzeuge/2er/gran-coupe/bmw-2er-gran-coupe
/de/neufahrzeuge/3er/bmw-3-er-limousine/bmw-3er-limousine-phev-technische-daten.html,/de/neufahrzeuge/3er/bmw-3-er-limousine/bmw-3er-limousine-phev-technische-daten
/de/neufahrzeuge/3er/bmw-3-er-limousine/bmw-3er-limousine-plug-in-hybrid.html,/de/neufahrzeuge/3er/bmw-3-er-limousine/bmw-3er-limousine-plug-in-hybrid
/de/neufahrzeuge/3er/bmw-3-er-limousine/bmw-3er-limousine-technische-daten.html,/de/neufahrzeuge/3er/bmw-3-er-limousine/bmw-3er-limousine-technische-daten
/de/neufahrzeuge/3er/bmw-3-er-limousine/bmw-3er-limousine.html,/de/neufahrzeuge/3er/bmw-3-er-limousine/bmw-3er-limousine
/de/neufahrzeuge/3er/bmw-3-er-touring/bmw-3er-touring-plug-in-hybrid.html,/de/neufahrzeuge/3er/bmw-3-er-touring/bmw-3er-touring-plug-in-hybrid
/de/neufahrzeuge/3er/bmw-3-er-touring/bmw-3er-touring-technische-daten-plug-in-hybrid.html,/de/neufahrzeuge/3er/bmw-3-er-touring/bmw-3er-touring-technische-daten-plug-in-hybrid
/de/neufahrzeuge/3er/bmw-3-er-touring/bmw-3er-touring-technische-daten.html,/de/neufahrzeuge/3er/bmw-3-er-touring/bmw-3er-touring-technische-daten
/de/neufahrzeuge/3er/bmw-3-er-touring/bmw-3er-touring.html,/de/neufahrzeuge/3er/bmw-3-er-touring/bmw-3er-touring
/de/neufahrzeuge/3er/limousine/bmw-i3-limousine.html,/de/neufahrzeuge/3er/limousine/bmw-i3-limousine
/de/neufahrzeuge/4er/cabrio/bmw-4er-cabrio-technische-daten.html,/de/neufahrzeuge/4er/cabrio/bmw-4er-cabrio-technische-daten
/de/neufahrzeuge/4er/cabrio/bmw-4er-cabrio.html,/de/neufahrzeuge/4er/cabrio/bmw-4er-cabrio
/de/neufahrzeuge/4er/coupe/bmw-4er-coupe.html,/de/neufahrzeuge/4er/coupe/bmw-4er-coupe
/de/neufahrzeuge/4er/gran-coupe/bmw-4er-gran-coupe.html,/de/neufahrzeuge/4er/gran-coupe/bmw-4er-gran-coupe
/de/neufahrzeuge/5er/5-series-touring/bmw-5er-touring-phev-technische-daten.html,/de/neufahrzeuge/5er/5-series-touring/bmw-5er-touring-phev-technische-daten
/de/neufahrzeuge/5er/5-series-touring/bmw-5er-touring-phev.html,/de/neufahrzeuge/5er/5-series-touring/bmw-5er-touring-phev
/de/neufahrzeuge/5er/5-series-touring/bmw-5er-touring.html,/de/neufahrzeuge/5er/5-series-touring/bmw-5er-touring
/de/neufahrzeuge/5er/limousine/bmw-5er-limousine-phev-technische-daten.html,/de/neufahrzeuge/5er/limousine/bmw-5er-limousine-phev-technische-daten
/de/neufahrzeuge/5er/limousine/bmw-5er-limousine-phev-ueberblick.html,/de/neufahrzeuge/5er/limousine/bmw-5er-limousine-phev-ueberblick
/de/neufahrzeuge/5er/limousine/bmw-5er-limousine-technische-daten.html,/de/neufahrzeuge/5er/limousine/bmw-5er-limousine-technische-daten
/de/neufahrzeuge/5er/limousine/bmw-5er-limousine-ueberblick.html,/de/neufahrzeuge/5er/limousine/bmw-5er-limousine-ueberblick
/de/neufahrzeuge/7er/limousine/bmw-7er-limousine-technische-daten.html,/de/neufahrzeuge/7er/limousine/bmw-7er-limousine-technische-daten
/de/neufahrzeuge/7er/limousine/bmw-7er-limousine.html,/de/neufahrzeuge/7er/limousine/bmw-7er-limousine
/de/neufahrzeuge/7er/limousine/bmw-i7-limousine-technische-daten.html,/de/neufahrzeuge/7er/limousine/bmw-i7-limousine-technische-daten
/de/neufahrzeuge/7er/limousine/bmw-i7-limousine.html,/de/neufahrzeuge/7er/limousine/bmw-i7-limousine
/de/neufahrzeuge/bmw-i/i4/bmw-i4-gran-coupe-technical-data.html,/de/neufahrzeuge/bmw-i/i4/bmw-i4-gran-coupe-technical-data
/de/neufahrzeuge/bmw-i/i4/bmw-i4-gran-coupe.html,/de/neufahrzeuge/bmw-i/i4/bmw-i4-gran-coupe
/de/neufahrzeuge/bmw-i/i5/bmw-i5-technische-daten.html,/de/neufahrzeuge/bmw-i/i5/bmw-i5-technische-daten
/de/neufahrzeuge/bmw-i/i5/bmw-i5-touring-technische-daten.html,/de/neufahrzeuge/bmw-i/i5/bmw-i5-touring-technische-daten
/de/neufahrzeuge/bmw-i/i5/bmw-i5-touring.html,/de/neufahrzeuge/bmw-i/i5/bmw-i5-touring
/de/neufahrzeuge/bmw-i/i5/bmw-i5-ueberblick.html,/de/neufahrzeuge/bmw-i/i5/bmw-i5-ueberblick
/de/neufahrzeuge/bmw-i/ix/bmw-ix-technische-daten.html,/de/neufahrzeuge/bmw-i/ix/bmw-ix-technische-daten
/de/neufahrzeuge/bmw-i/ix/bmw-ix.html,/de/neufahrzeuge/bmw-i/ix/bmw-ix
/de/neufahrzeuge/bmw-i/ix1/bmw-ix1-technische-daten.html,/de/neufahrzeuge/bmw-i/ix1/bmw-ix1-technische-daten
/de/neufahrzeuge/bmw-i/ix1/bmw-ix1.html,/de/neufahrzeuge/bmw-i/ix1/bmw-ix1
/de/neufahrzeuge/bmw-i/ix2/bmw-ix2-technische-daten.html,/de/neufahrzeuge/bmw-i/ix2/bmw-ix2-technische-daten
/de/neufahrzeuge/bmw-i/ix2/bmw-ix2-ueberblick.html,/de/neufahrzeuge/bmw-i/ix2/bmw-ix2-ueberblick
/de/neufahrzeuge/konzeptfahrzeuge/bmw-m-concept-neue-klasse.html,/de/neufahrzeuge/konzeptfahrzeuge/bmw-m-concept-neue-klasse
/de/neufahrzeuge/m/bmw-2er-m-modelle/bmw-m2-coupe-technische-daten.html,/de/neufahrzeuge/m/bmw-2er-m-modelle/bmw-m2-coupe-technische-daten
/de/neufahrzeuge/m/bmw-2er-m-modelle/bmw-m2-coupe.html,/de/neufahrzeuge/m/bmw-2er-m-modelle/bmw-m2-coupe
/de/neufahrzeuge/m/bmw-3er-m-modelle/bmw-m3-limousine.html,/de/neufahrzeuge/m/bmw-3er-m-modelle/bmw-m3-limousine
/de/neufahrzeuge/m/bmw-3er-m-modelle/bmw-m3-touring.html,/de/neufahrzeuge/m/bmw-3er-m-modelle/bmw-m3-touring
/de/neufahrzeuge/m/bmw-4er-m-modelle/bmw-m4-cabrio.html,/de/neufahrzeuge/m/bmw-4er-m-modelle/bmw-m4-cabrio
/de/neufahrzeuge/m/bmw-4er-m-modelle/bmw-m4-coupe-technische-daten.html,/de/neufahrzeuge/m/bmw-4er-m-modelle/bmw-m4-coupe-technische-daten
/de/neufahrzeuge/m/bmw-4er-m-modelle/bmw-m4-coupe.html,/de/neufahrzeuge/m/bmw-4er-m-modelle/bmw-m4-coupe
/de/neufahrzeuge/m/bmw-i4-m60/bmw-i4-m60-xdrive-gran-coupe-technische-daten.html,/de/neufahrzeuge/m/bmw-i4-m60/bmw-i4-m60-xdrive-gran-coupe-technische-daten
/de/neufahrzeuge/m/bmw-i4-m60/bmw-i4-m60-xdrive-gran-coupe.html,/de/neufahrzeuge/m/bmw-i4-m60/bmw-i4-m60-xdrive-gran-coupe
/de/neufahrzeuge/m/bmw-i5-m60/bmw-i5-m60xdrive-ueberblick.html,/de/neufahrzeuge/m/bmw-i5-m60/bmw-i5-m60xdrive-ueberblick
/de/neufahrzeuge/m/bmw-m-135/bmw-1er-m-automobile-technische-daten.html,/de/neufahrzeuge/m/bmw-m-135/bmw-1er-m-automobile-technische-daten
/de/neufahrzeuge/m/bmw-m-135/bmw-m135.html,/de/neufahrzeuge/m/bmw-m-135/bmw-m135
/de/neufahrzeuge/m/i5-m60/bmw-i5-touring-m60-xdrive-technische-daten.html,/de/neufahrzeuge/m/i5-m60/bmw-i5-touring-m60-xdrive-technische-daten
/de/neufahrzeuge/m/i5-m60/bmw-i5-touring-m60-xdrive.html,/de/neufahrzeuge/m/i5-m60/bmw-i5-touring-m60-xdrive
/de/neufahrzeuge/m/ix-m70/bmw-ix-m70-technische-daten.html,/de/neufahrzeuge/m/ix-m70/bmw-ix-m70-technische-daten
/de/neufahrzeuge/m/ix-m70/bmw-ix-m70.html,/de/neufahrzeuge/m/ix-m70/bmw-ix-m70
/de/neufahrzeuge/m/limousine/bmw-7er-limousine-m-modelle-technische-daten.html,/de/neufahrzeuge/m/limousine/bmw-7er-limousine-m-modelle-technische-daten
/de/neufahrzeuge/m/limousine/bmw-7er-limousine-m-modelle.html,/de/neufahrzeuge/m/limousine/bmw-7er-limousine-m-modelle
/de/neufahrzeuge/m/m235-xdrive-gran-coupe/bmw-m235-xdrive-gran-coupe-technische-daten.html,/de/neufahrzeuge/m/m235-xdrive-gran-coupe/bmw-m235-xdrive-gran-coupe-technische-daten
/de/neufahrzeuge/m/m235-xdrive-gran-coupe/bmw-m235-xdrive-gran-coupe.html,/de/neufahrzeuge/m/m235-xdrive-gran-coupe/bmw-m235-xdrive-gran-coupe
/de/neufahrzeuge/m/m440i-xdrive-gran-coupe/bmw-m440i-xdrive-gran-coupe.html,/de/neufahrzeuge/m/m440i-xdrive-gran-coupe/bmw-m440i-xdrive-gran-coupe
/de/neufahrzeuge/m/m5-series/bmw-m5-limousine-technische-daten.html,/de/neufahrzeuge/m/m5-series/bmw-m5-limousine-technische-daten
/de/neufahrzeuge/m/m5-series/bmw-m5-limousine.html,/de/neufahrzeuge/m/m5-series/bmw-m5-limousine
/de/neufahrzeuge/m/m5-series/bmw-m5-touring-technische-daten.html,/de/neufahrzeuge/m/m5-series/bmw-m5-touring-technische-daten
/de/neufahrzeuge/m/m5-series/bmw-m5-touring.html,/de/neufahrzeuge/m/m5-series/bmw-m5-touring
/de/neufahrzeuge/m/suv/bmw-x5-m-modelle-technische-daten.html,/de/neufahrzeuge/m/suv/bmw-x5-m-modelle-technische-daten
/de/neufahrzeuge/m/suv/bmw-x5-m-modelle.html,/de/neufahrzeuge/m/suv/bmw-x5-m-modelle
/de/neufahrzeuge/m/x1-m35i/bmw-x1-m35i-xdrive-technische-daten.html,/de/neufahrzeuge/m/x1-m35i/bmw-x1-m35i-xdrive-technische-daten
/de/neufahrzeuge/m/x1-m35i/bmw-x1-m35i-xdrive.html,/de/neufahrzeuge/m/x1-m35i/bmw-x1-m35i-xdrive
/de/neufahrzeuge/m/x2-m35i/bmw-x2-m35ixdrive-technische-daten.html,/de/neufahrzeuge/m/x2-m35i/bmw-x2-m35ixdrive-technische-daten
/de/neufahrzeuge/m/x2-m35i/bmw-x2-m35ixdrive-ueberblick.html,/de/neufahrzeuge/m/x2-m35i/bmw-x2-m35ixdrive-ueberblick
/de/neufahrzeuge/m/x3-m50/bmw-x3-m50.html,/de/neufahrzeuge/m/x3-m50/bmw-x3-m50
/de/neufahrzeuge/m/x6-m/bmw-x6-m-modelle.html,/de/neufahrzeuge/m/x6-m/bmw-x6-m-modelle
/de/neufahrzeuge/m/x6-m/bmw-x6-m-technische-daten.html,/de/neufahrzeuge/m/x6-m/bmw-x6-m-technische-daten
/de/neufahrzeuge/m/x7-m60i/bmw-x7-m60i-technische-daten.html,/de/neufahrzeuge/m/x7-m60i/bmw-x7-m60i-technische-daten
/de/neufahrzeuge/m/x7-m60i/bmw-x7-m60i.html,/de/neufahrzeuge/m/x7-m60i/bmw-x7-m60i
/de/neufahrzeuge/m/xm/bmw-xm-technische-daten.html,/de/neufahrzeuge/m/xm/bmw-xm-technische-daten
/de/neufahrzeuge/m/xm/bmw-xm.html,/de/neufahrzeuge/m/xm/bmw-xm
/de/neufahrzeuge/m/z4-m40i/bmw-z4-m40i-roadster.html,/de/neufahrzeuge/m/z4-m40i/bmw-z4-m40i-roadster
/de/neufahrzeuge/m/z4-m40i/bmw-z4-m40i-technische-daten.html,/de/neufahrzeuge/m/z4-m40i/bmw-z4-m40i-technische-daten
/de/neufahrzeuge/x/X2/bmw-x2-technische-daten,/de/neufahrzeuge/x/x2/bmw-x2-technische-daten
/de/neufahrzeuge/x/X2/bmw-x2-technische-daten.html,/de/neufahrzeuge/x/x2/bmw-x2-technische-daten
/de/neufahrzeuge/x/X2/bmw-x2-ueberblick,/de/neufahrzeuge/x/x2/bmw-x2-ueberblick
/de/neufahrzeuge/x/X2/bmw-x2-ueberblick.html,/de/neufahrzeuge/x/x2/bmw-x2-ueberblick
/de/neufahrzeuge/x/ix3/bmw-ix3-technische-daten.html,/de/neufahrzeuge/x/ix3/bmw-ix3-technische-daten
/de/neufahrzeuge/x/ix3/bmw-ix3.html,/de/neufahrzeuge/x/ix3/bmw-ix3
/de/neufahrzeuge/x/suv/bmw-ix5-technische-daten.html,/de/neufahrzeuge/x/suv/bmw-ix5-technische-daten
/de/neufahrzeuge/x/suv/bmw-ix5.html,/de/neufahrzeuge/x/suv/bmw-ix5
/de/neufahrzeuge/x/suv/bmw-x5-technische-daten.html,/de/neufahrzeuge/x/suv/bmw-x5-technische-daten
/de/neufahrzeuge/x/suv/bmw-x5.html,/de/neufahrzeuge/x/suv/bmw-x5
/de/neufahrzeuge/x/x1/bmw-x1-technische-daten.html,/de/neufahrzeuge/x/x1/bmw-x1-technische-daten
/de/neufahrzeuge/x/x1/bmw-x1.html,/de/neufahrzeuge/x/x1/bmw-x1
/de/neufahrzeuge/x/x3/bmw-x3-phev-technische-daten.html,/de/neufahrzeuge/x/x3/bmw-x3-phev-technische-daten
/de/neufahrzeuge/x/x3/bmw-x3-phev.html,/de/neufahrzeuge/x/x3/bmw-x3-phev
/de/neufahrzeuge/x/x3/bmw-x3-technische-daten.html,/de/neufahrzeuge/x/x3/bmw-x3-technische-daten
/de/neufahrzeuge/x/x3/bmw-x3.html,/de/neufahrzeuge/x/x3/bmw-x3
/de/neufahrzeuge/x/x6/bmw-x6-technische-daten.html,/de/neufahrzeuge/x/x6/bmw-x6-technische-daten
/de/neufahrzeuge/x/x6/bmw-x6.html,/de/neufahrzeuge/x/x6/bmw-x6
/de/neufahrzeuge/x/x7/bmw-x7-technische-daten.html,/de/neufahrzeuge/x/x7/bmw-x7-technische-daten
/de/neufahrzeuge/x/x7/bmw-x7.html,/de/neufahrzeuge/x/x7/bmw-x7
/de/neufahrzeuge/z4/z4-roadster/bmw-z4-roadster.html,/de/neufahrzeuge/z4/z4-roadster/bmw-z4-roadster
/de/neufahrzeuge/z4/z4-roadster/bmw-z4-technische-daten.html,/de/neufahrzeuge/z4/z4-roadster/bmw-z4-technische-daten
/de/publicPools/sitemap/sitemap,/de/publicpools/sitemap/sitemap
/de/publicPools/sitemap/sitemap.html,/de/publicpools/sitemap/sitemap
/de/services-and-workshop/allgemeine-versicherungsbedingungen.html,/de/services-and-workshop/allgemeine-versicherungsbedingungen
/de/shop-online/bmw-angebote.html,/de/shop-online/bmw-angebote
/de/shop-online/bmw-gewerbeangebote,/de-de/shop-online/bmw-business-offers
/de/shop-online/bmw-gewerbeangebote.html,/de-de/shop-online/bmw-business-offers
/de/shop-online/bmw-offers.html,/de/shop-online/bmw-offers
/de/topics/fascination-bmw/corporate-direct-sales/corporate-sales.html,/de/topics/fascination-bmw/corporate-direct-sales/corporate-sales
/de/topics/fascination-bmw/events/quiztaxi2024.html,/de/topics/fascination-bmw/events/quiztaxi2024
/de/topics/fascination-bmw/events/vip-experience.html,/de/topics/fascination-bmw/events/vip-experience
/de/topics/faszination-bmw/bmw-xdrive-erleben/wintersport/biathlon.html,/de/topics/faszination-bmw/bmw-xdrive-erleben/wintersport/biathlon
/de/topics/faszination-bmw/bmw-xdrive-erleben/wintersport/rennrodeln.html,/de/topics/faszination-bmw/bmw-xdrive-erleben/wintersport/rennrodeln
/de/topics/faszination-bmw/events/bmw-golfsport.html,/de/topics/faszination-bmw/events/bmw-golfsport
/de/topics/faszination-bmw/events/bmw-golfsport/friends-of-the-brand.html,/de/topics/faszination-bmw/events/bmw-golfsport/friends-of-the-brand
/de/topics/faszination-bmw/events/bmw-golfsport/golf-cup.html,/de/topics/faszination-bmw/events/bmw-golfsport/golf-cup
/de/topics/faszination-bmw/events/kulturelles-engagement.html,/de/topics/faszination-bmw/events/kulturelles-engagement
/de/topics/faszination-bmw/events/wintersport.html,/de/topics/faszination-bmw/events/wintersport
/de/topics/faszination-bmw/events/wintersport/bmw-group-windkanal.html,/de/topics/faszination-bmw/events/wintersport/bmw-group-windkanal
/de/topics/faszination-bmw/events/wintersport/bmw-ibu-weltcup-biathlon.html,/de/topics/faszination-bmw/events/wintersport/bmw-ibu-weltcup-biathlon
/de/topics/faszination-bmw/events/wintersport/bmw-rodelsimulation_WBS,/de/topics/faszination-bmw/events/wintersport/bmw-rodelsimulation-wbs
/de/topics/faszination-bmw/events/wintersport/bmw-rodelsimulation_WBS.html,/de/topics/faszination-bmw/events/wintersport/bmw-rodelsimulation-wbs
/de/topics/faszination-bmw/grosskunden-behoerden/behoerdenfahrzeuge.html,/de/topics/faszination-bmw/grosskunden-behoerden/behoerdenfahrzeuge
/de/topics/faszination-bmw/grosskunden-behoerden/corporate-sales.html,/de/topics/faszination-bmw/grosskunden-behoerden/corporate-sales
/de/topics/faszination-bmw/sport-events/weltcup.html,/de/topics/faszination-bmw/sport-events/weltcup
/de/topics/neuwagen/gewaehrleistung.html,/de/topics/neuwagen/gewaehrleistung
/de/topics/service-zubehoer/bmw-security.html,/de/topics/service-zubehoer/bmw-security
/de/topics/service-zubehoer/bmw-service/repair-inclusive.html,/de/topics/service-zubehoer/bmw-service/repair-inclusive
/de/topics/service-zubehoer/bmw-service/rueckrufe.html,/de/topics/service-zubehoer/bmw-service/rueckrufe
/de/topics/service-zubehoer/bmw-service/service-inclusive,/de/bmw-service-hub
/de/topics/service-zubehoer/bmw-service/service-inclusive.html,/de/bmw-service-hub
/de/topics/service-zubehoer/financial-services/bmw-financial-services.html,/de/topics/service-zubehoer/financial-services/bmw-financial-services
/de/topics/service-zubehoer/financial-services/bmw-finanzierung.html,/de/topics/service-zubehoer/financial-services/bmw-finanzierung
/de/topics/service-zubehoer/financial-services/bmw-leasing.html,/de/topics/service-zubehoer/financial-services/bmw-leasing
/de_DE/shop-online/bmw-business-offers,/de-de/shop-online/bmw-business-offers
/de_DE/shop-online/bmw-business-offers.html,/de-de/shop-online/bmw-business-offers
/index.html,/de/home
