Dealer;Outlate;URL;Name
4107;1;"https://www.bmw.de/de/shop/ls/cp/online-appointment?dealer=&WIEDERHOLEN(""0""; 5-LÄNGE(A2))&A2&""_""&B2";Niederlassung München
4107;4;https://www.bmw.de/de/shop/ls/cp/online-appointment?dealer=04107_4;Niederlassung München
4107;6;https://www.bmw.de/de/shop/ls/cp/online-appointment?dealer=04107_6;Niederlassung München
4107;9;https://www.bmw.de/de/shop/ls/cp/online-appointment?dealer=04107_9;Niederlassung München
4107;13;https://www.bmw.de/de/shop/ls/cp/online-appointment?dealer=04107_13;Niederlassung München
4107;17;https://www.bmw.de/de/shop/ls/cp/online-appointment?dealer=04107_17;Niederlassung München
4107;19;https://www.bmw.de/de/shop/ls/cp/online-appointment?dealer=04107_19;Niederlassung München
866;1;https://www.bmw.de/de/shop/ls/cp/online-appointment?dealer=00866_1;Widmann + Winterholler GmbH
866;3;https://www.bmw.de/de/shop/ls/cp/online-appointment?dealer=00866_3;Widmann + Winterholler GmbH
866;4;https://www.bmw.de/de/shop/ls/cp/online-appointment?dealer=00866_4;Widmann + Winterholler GmbH
866;6;https://www.bmw.de/de/shop/ls/cp/online-appointment?dealer=00866_6;Widmann + Winterholler GmbH
866;7;https://www.bmw.de/de/shop/ls/cp/online-appointment?dealer=00866_7;Widmann + Winterholler GmbH
866;8;https://www.bmw.de/de/shop/ls/cp/online-appointment?dealer=00866_8;Ein Unternehmen der
866;9;https://www.bmw.de/de/shop/ls/cp/online-appointment?dealer=00866_9;Ein Unternehmen der
1965;1;https://www.bmw.de/de/shop/ls/cp/online-appointment?dealer=01965_1;Hubauer GmbH
2319;1;https://www.bmw.de/de/shop/ls/cp/online-appointment?dealer=02319_1;Autohaus Langlinderer e. K.
2319;2;https://www.bmw.de/de/shop/ls/cp/online-appointment?dealer=02319_2;Autohaus Langlinderer e. K.
2348;1;https://www.bmw.de/de/shop/ls/cp/online-appointment?dealer=02348_1;Autohaus Thaler KG
2378;1;https://www.bmw.de/de/shop/ls/cp/online-appointment?dealer=02378_1;Autohaus Bachfrieder GmbH & Co. KG
2446;1;https://www.bmw.de/de/shop/ls/cp/online-appointment?dealer=02446_1;W. Maier GmbH
4413;1;https://www.bmw.de/de/shop/ls/cp/online-appointment?dealer=04413_1;Richard Wagner GmbH
4413;3;https://www.bmw.de/de/shop/ls/cp/online-appointment?dealer=04413_3;Richard Wagner GmbH
4649;1;https://www.bmw.de/de/shop/ls/cp/online-appointment?dealer=04649_1;Josef Bauer GmbH
20512;1;https://www.bmw.de/de/shop/ls/cp/online-appointment?dealer=20512_1;Autohaus Unterberger GmbH
25784;1;https://www.bmw.de/de/shop/ls/cp/online-appointment?dealer=25784_1;Autohaus Unterberger GmbH
33952;1;https://www.bmw.de/de/shop/ls/cp/online-appointment?dealer=33952_1;Autohaus Unterberger GmbH
33952;2;https://www.bmw.de/de/shop/ls/cp/online-appointment?dealer=33952_2;Autohaus Unterberger GmbH
39688;1;https://www.bmw.de/de/shop/ls/cp/online-appointment?dealer=39688_1;Autohaus Unterberger GmbH
48875;1;https://www.bmw.de/de/shop/ls/cp/online-appointment?dealer=48875_1;Autohaus Unterberger GmbH
22075;1;https://www.bmw.de/de/shop/ls/cp/online-appointment?dealer=22075_1;Autohaus Vogl e. K.
22075;2;https://www.bmw.de/de/shop/ls/cp/online-appointment?dealer=22075_2;Autohaus Vogl e. K.
22177;1;https://www.bmw.de/de/shop/ls/cp/online-appointment?dealer=22177_1;Schwarz GmbH
22177;3;https://www.bmw.de/de/shop/ls/cp/online-appointment?dealer=22177_3;Schwarz GmbH
23470;3;https://www.bmw.de/de/shop/ls/cp/online-appointment?dealer=23470_3;Spaett GmbH & Co.KG
23470;4;https://www.bmw.de/de/shop/ls/cp/online-appointment?dealer=23470_4;Spaett GmbH & Co.KG
23470;6;https://www.bmw.de/de/shop/ls/cp/online-appointment?dealer=23470_6;Spaett GmbH & Co.KG
28133;1;https://www.bmw.de/de/shop/ls/cp/online-appointment?dealer=28133_1;Erwin Martin GmbH
30568;1;https://www.bmw.de/de/shop/ls/cp/online-appointment?dealer=30568_1;Autohaus Hagl GmbH & Co. KG
31585;1;https://www.bmw.de/de/shop/ls/cp/online-appointment?dealer=31585_1;Michael Schmidt GmbH
31585;2;https://www.bmw.de/de/shop/ls/cp/online-appointment?dealer=31585_2;Michael Schmidt GmbH
31585;3;https://www.bmw.de/de/shop/ls/cp/online-appointment?dealer=31585_3;Michael Schmidt GmbH
31585;4;https://www.bmw.de/de/shop/ls/cp/online-appointment?dealer=31585_4;Michael Schmidt GmbH
32892;1;https://www.bmw.de/de/shop/ls/cp/online-appointment?dealer=32892_1;Autohaus Baierbrunn GmbH
31704;1;https://www.bmw.de/de/shop/ls/cp/online-appointment?dealer=31704_1;Autohaus Hengge GmbH
33291;1;https://www.bmw.de/de/shop/ls/cp/online-appointment?dealer=33291_1;Autohaus Moderegger GmbH
34007;1;https://www.bmw.de/de/shop/ls/cp/online-appointment?dealer=34007_1;Automag GmbH
34007;2;https://www.bmw.de/de/shop/ls/cp/online-appointment?dealer=34007_2;Automag GmbH
34052;1;https://www.bmw.de/de/shop/ls/cp/online-appointment?dealer=34052_1;Simon Gruber Autoservice GmbH & Co. KG
34052;2;https://www.bmw.de/de/shop/ls/cp/online-appointment?dealer=34052_2;Simon Gruber Autoservice GmbH & Co. KG
104;1;https://www.bmw.de/de/shop/ls/cp/online-appointment?dealer=00104_1;Autohaus Hofmann GmbH
104;2;https://www.bmw.de/de/shop/ls/cp/online-appointment?dealer=00104_2;Autohaus Hofmann GmbH
104;7;https://www.bmw.de/de/shop/ls/cp/online-appointment?dealer=00104_7;Autohaus Hofmann GmbH
104;8;https://www.bmw.de/de/shop/ls/cp/online-appointment?dealer=00104_8;Autohaus Hofmann GmbH
104;9;https://www.bmw.de/de/shop/ls/cp/online-appointment?dealer=00104_9;Autohaus Hofmann GmbH
116;1;https://www.bmw.de/de/shop/ls/cp/online-appointment?dealer=00116_1;Auto-Leebmann GmbH
116;2;https://www.bmw.de/de/shop/ls/cp/online-appointment?dealer=00116_2;Auto-Leebmann GmbH
33234;1;https://www.bmw.de/de/shop/ls/cp/online-appointment?dealer=33234_1;Schmid Service GmbH
341;1;https://www.bmw.de/de/shop/ls/cp/online-appointment?dealer=00341_1;Rene Partl GmbH
448;1;https://www.bmw.de/de/shop/ls/cp/online-appointment?dealer=00448_1;Autohaus Praller GmbH
449;1;https://www.bmw.de/de/shop/ls/cp/online-appointment?dealer=00449_1;Max Salmannsberger GmbH
887;1;https://www.bmw.de/de/shop/ls/cp/online-appointment?dealer=00887_1;J. B. Lell e.K.
29337;1;https://www.bmw.de/de/shop/ls/cp/online-appointment?dealer=29337_1;J. B. Lell GmbH & Co. KG
33696;1;https://www.bmw.de/de/shop/ls/cp/online-appointment?dealer=33696_1;J. B. Lell GmbH & Co. KG
37132;1;https://www.bmw.de/de/shop/ls/cp/online-appointment?dealer=37132_1;J. B. Lell GmbH
924;1;https://www.bmw.de/de/shop/ls/cp/online-appointment?dealer=00924_1;Autohaus Pielmeier
1415;1;https://www.bmw.de/de/shop/ls/cp/online-appointment?dealer=01415_1;Richard Hable
1416;1;https://www.bmw.de/de/shop/ls/cp/online-appointment?dealer=01416_1;Autohaus Waldmüller GmbH & Co. KG
1570;1;https://www.bmw.de/de/shop/ls/cp/online-appointment?dealer=01570_1;Autohaus Schweitzer GmbH
1806;1;https://www.bmw.de/de/shop/ls/cp/online-appointment?dealer=01806_1;Autohaus Graser GmbH
1945;1;https://www.bmw.de/de/shop/ls/cp/online-appointment?dealer=01945_1;Autohaus Kimbeck GmbH
1945;3;https://www.bmw.de/de/shop/ls/cp/online-appointment?dealer=01945_3;Autohaus Kimbeck GmbH
2377;1;https://www.bmw.de/de/shop/ls/cp/online-appointment?dealer=02377_1;Vögl GmbH & Co.
23303;1;https://www.bmw.de/de/shop/ls/cp/online-appointment?dealer=23303_1;Vögl GmbH & Co.
29220;1;https://www.bmw.de/de/shop/ls/cp/online-appointment?dealer=29220_1;Vögl GmbH & Co.
2606;1;https://www.bmw.de/de/shop/ls/cp/online-appointment?dealer=02606_1;Autohaus Reith GmbH & Co. KG
4669;1;https://www.bmw.de/de/shop/ls/cp/online-appointment?dealer=04669_1;Heinrich Weiß GmbH & Co. KG
4723;1;https://www.bmw.de/de/shop/ls/cp/online-appointment?dealer=04723_1;Autohaus Kornexl & Lenz GmbH
27847;1;https://www.bmw.de/de/shop/ls/cp/online-appointment?dealer=27847_1;BMW Service Moser GmbH & Co.KG
27921;1;https://www.bmw.de/de/shop/ls/cp/online-appointment?dealer=27921_1;Auto-Hübner GmbH & Co. KG
27944;1;https://www.bmw.de/de/shop/ls/cp/online-appointment?dealer=27944_1;Karl Jungmayer GmbH
28041;1;https://www.bmw.de/de/shop/ls/cp/online-appointment?dealer=28041_1;Autohaus Grieb GmbH
29202;1;https://www.bmw.de/de/shop/ls/cp/online-appointment?dealer=29202_1;Walter Hager & Sohn GmbH
30291;1;https://www.bmw.de/de/shop/ls/cp/online-appointment?dealer=30291_1;Neumeier & Seidl GmbH
316;1;https://www.bmw.de/de/shop/ls/cp/online-appointment?dealer=00316_1;Joas OHG
391;1;https://www.bmw.de/de/shop/ls/cp/online-appointment?dealer=00391_1;Walter Mulfinger GmbH
391;3;https://www.bmw.de/de/shop/ls/cp/online-appointment?dealer=00391_3;Walter Mulfinger GmbH
391;8;https://www.bmw.de/de/shop/ls/cp/online-appointment?dealer=00391_8;Walter Mulfinger GmbH
391;9;https://www.bmw.de/de/shop/ls/cp/online-appointment?dealer=00391_9;Walter Mulfinger GmbH
391;10;https://www.bmw.de/de/shop/ls/cp/online-appointment?dealer=00391_10;Walter Mulfinger GmbH
391;12;https://www.bmw.de/de/shop/ls/cp/online-appointment?dealer=00391_12;Walter Mulfinger GmbH
31117;1;https://www.bmw.de/de/shop/ls/cp/online-appointment?dealer=31117_1;Autohaus Mulfinger GmbH
39322;1;https://www.bmw.de/de/shop/ls/cp/online-appointment?dealer=39322_1;Autohaus Walter Mulfinger GmbH
39322;2;https://www.bmw.de/de/shop/ls/cp/online-appointment?dealer=39322_2;Autohaus Walter Mulfinger GmbH
39322;3;https://www.bmw.de/de/shop/ls/cp/online-appointment?dealer=39322_3;Autohaus Walter Mulfinger GmbH
39322;4;https://www.bmw.de/de/shop/ls/cp/online-appointment?dealer=39322_4;Autohaus Walter Mulfinger GmbH
406;1;https://www.bmw.de/de/shop/ls/cp/online-appointment?dealer=00406_1;Auer Gruppe GmbH
406;2;https://www.bmw.de/de/shop/ls/cp/online-appointment?dealer=00406_2;Auer Gruppe GmbH
406;4;https://www.bmw.de/de/shop/ls/cp/online-appointment?dealer=00406_4;Auer Gruppe GmbH
406;6;https://www.bmw.de/de/shop/ls/cp/online-appointment?dealer=00406_6;Auer Gruppe GmbH
495;1;https://www.bmw.de/de/shop/ls/cp/online-appointment?dealer=00495_1;Autohaus Munding GmbH
495;2;https://www.bmw.de/de/shop/ls/cp/online-appointment?dealer=00495_2;Autohaus Munding GmbH
495;3;https://www.bmw.de/de/shop/ls/cp/online-appointment?dealer=00495_3;Autohaus Munding GmbH
502;1;https://www.bmw.de/de/shop/ls/cp/online-appointment?dealer=00502_1;Müller & Klöck GmbH
507;1;https://www.bmw.de/de/shop/ls/cp/online-appointment?dealer=00507_1;Auto Weiss GmbH & Co. KG
525;1;https://www.bmw.de/de/shop/ls/cp/online-appointment?dealer=00525_1;Konrad Fink e. K.
35658;1;https://www.bmw.de/de/shop/ls/cp/online-appointment?dealer=35658_1;Autohaus Fink GmbH & Co. KG
536;1;https://www.bmw.de/de/shop/ls/cp/online-appointment?dealer=00536_1;Karl Feil GmbH
3988;1;https://www.bmw.de/de/shop/ls/cp/online-appointment?dealer=03988_1;Autohaus Feil GmbH
612;1;https://www.bmw.de/de/shop/ls/cp/online-appointment?dealer=00612_1;Auto Grimm GmbH
2365;1;https://www.bmw.de/de/shop/ls/cp/online-appointment?dealer=02365_1;Auto Grimm GmbH & Co. KG
1419;1;https://www.bmw.de/de/shop/ls/cp/online-appointment?dealer=01419_1;Mayer & Kloos GmbH
1443;1;https://www.bmw.de/de/shop/ls/cp/online-appointment?dealer=01443_1;Autohaus Reisacher GmbH
1443;4;https://www.bmw.de/de/shop/ls/cp/online-appointment?dealer=01443_4;Autohaus Reisacher GmbH
1443;5;https://www.bmw.de/de/shop/ls/cp/online-appointment?dealer=01443_5;Autohaus Reisacher GmbH
1443;6;https://www.bmw.de/de/shop/ls/cp/online-appointment?dealer=01443_6;Autohaus Reisacher GmbH
1443;7;https://www.bmw.de/de/shop/ls/cp/online-appointment?dealer=01443_7;Autohaus Reisacher GmbH
30778;1;https://www.bmw.de/de/shop/ls/cp/online-appointment?dealer=30778_1;Autohaus Augsburg GmbH
30778;3;https://www.bmw.de/de/shop/ls/cp/online-appointment?dealer=30778_3;Autohaus Augsburg GmbH
2341;1;https://www.bmw.de/de/shop/ls/cp/online-appointment?dealer=02341_1;Drexl + Ziegler GmbH & Co. KG
2341;2;https://www.bmw.de/de/shop/ls/cp/online-appointment?dealer=02341_2;Drexl + Ziegler GmbH & Co. KG
34233;1;https://www.bmw.de/de/shop/ls/cp/online-appointment?dealer=34233_1;Drexl + Ziegler GmbH & Co. KG
3844;1;https://www.bmw.de/de/shop/ls/cp/online-appointment?dealer=03844_1;Fritz & Sickau GmbH
21920;1;https://www.bmw.de/de/shop/ls/cp/online-appointment?dealer=21920_1;Autohaus Langer GmbH & Co. KG
21920;2;https://www.bmw.de/de/shop/ls/cp/online-appointment?dealer=21920_2;Autohaus Langer GmbH & Co. KG
27988;1;https://www.bmw.de/de/shop/ls/cp/online-appointment?dealer=27988_1;Autohaus Pröschel GmbH
28238;1;https://www.bmw.de/de/shop/ls/cp/online-appointment?dealer=28238_1;Auto Katzenbogen GmbH
28728;1;https://www.bmw.de/de/shop/ls/cp/online-appointment?dealer=28728_1;Karl Fritz
2813;1;https://www.bmw.de/de/shop/ls/cp/online-appointment?dealer=02813_1;Cloppenburg GmbH
2813;2;https://www.bmw.de/de/shop/ls/cp/online-appointment?dealer=02813_2;Cloppenburg GmbH
33229;1;https://www.bmw.de/de/shop/ls/cp/online-appointment?dealer=33229_1;Autohaus Schenk GmbH & Co. KG
40833;1;https://www.bmw.de/de/shop/ls/cp/online-appointment?dealer=40833_1;Autohaus Hasse GmbH
40872;1;https://www.bmw.de/de/shop/ls/cp/online-appointment?dealer=40872_1;Autohaus Hannemann GmbH
89;1;https://www.bmw.de/de/shop/ls/cp/online-appointment?dealer=00089_1;Niederlassung Nürnberg
89;2;https://www.bmw.de/de/shop/ls/cp/online-appointment?dealer=00089_2;Niederlassung Nürnberg
89;5;https://www.bmw.de/de/shop/ls/cp/online-appointment?dealer=00089_5;Niederlassung Nürnberg
120;1;https://www.bmw.de/de/shop/ls/cp/online-appointment?dealer=00120_1;Heermann und Rhein GmbH
120;4;https://www.bmw.de/de/shop/ls/cp/online-appointment?dealer=00120_4;Heermann und Rhein GmbH
120;5;https://www.bmw.de/de/shop/ls/cp/online-appointment?dealer=00120_5;Stadel Zweig-NL der AH
120;6;https://www.bmw.de/de/shop/ls/cp/online-appointment?dealer=00120_6;Stadel Zweig-NL der AH
120;7;https://www.bmw.de/de/shop/ls/cp/online-appointment?dealer=00120_7;Stadel Zweig-NL der AH
120;8;https://www.bmw.de/de/shop/ls/cp/online-appointment?dealer=00120_8;Autohaus Rhein Würzburg
120;9;https://www.bmw.de/de/shop/ls/cp/online-appointment?dealer=00120_9;Autohaus Rhein Würzburg
120;10;https://www.bmw.de/de/shop/ls/cp/online-appointment?dealer=00120_10;Rhein Bodensee 
120;12;https://www.bmw.de/de/shop/ls/cp/online-appointment?dealer=00120_12;Rhein Schweinfurt
120;14;https://www.bmw.de/de/shop/ls/cp/online-appointment?dealer=00120_14;Autohaus Rhein Rhön-Saale
120;16;https://www.bmw.de/de/shop/ls/cp/online-appointment?dealer=00120_16;Rhein Rothenburg
120;17;https://www.bmw.de/de/shop/ls/cp/online-appointment?dealer=00120_17;Rhein Ludwigsburg
120;19;https://www.bmw.de/de/shop/ls/cp/online-appointment?dealer=00120_19;Autohaus Rhein Bayreuth
120;20;https://www.bmw.de/de/shop/ls/cp/online-appointment?dealer=00120_20;Autohaus Rhein Kulmbach
120;21;https://www.bmw.de/de/shop/ls/cp/online-appointment?dealer=00120_21;Autohaus Rhein Hochfranken
120;22;https://www.bmw.de/de/shop/ls/cp/online-appointment?dealer=00120_22;Autohaus Rhein Hochfranken
32141;1;https://www.bmw.de/de/shop/ls/cp/online-appointment?dealer=32141_1;Tief-Dörfler 
32929;1;https://www.bmw.de/de/shop/ls/cp/online-appointment?dealer=32929_1;Eichhorn Automotive GmbH
32929;2;https://www.bmw.de/de/shop/ls/cp/online-appointment?dealer=32929_2;Eichhorn Automotive GmbH
268;1;https://www.bmw.de/de/shop/ls/cp/online-appointment?dealer=00268_1;Autohaus Fuchs
490;1;https://www.bmw.de/de/shop/ls/cp/online-appointment?dealer=00490_1;Auto-Müller GmbH
490;3;https://www.bmw.de/de/shop/ls/cp/online-appointment?dealer=00490_3;Auto-Müller GmbH
607;1;https://www.bmw.de/de/shop/ls/cp/online-appointment?dealer=00607_1;Autohaus Fink GmbH & Co. KG
651;1;https://www.bmw.de/de/shop/ls/cp/online-appointment?dealer=00651_1;Autohaus Grötzinger GmbH
1024;1;https://www.bmw.de/de/shop/ls/cp/online-appointment?dealer=01024_1;Bernhard Holme GmbH
1459;1;https://www.bmw.de/de/shop/ls/cp/online-appointment?dealer=01459_1;Günter Reuter GmbH
1489;1;https://www.bmw.de/de/shop/ls/cp/online-appointment?dealer=01489_1;Autohaus Friedrich GmbH
2243;1;https://www.bmw.de/de/shop/ls/cp/online-appointment?dealer=02243_1;Autohaus Tschirley GmbH
2258;1;https://www.bmw.de/de/shop/ls/cp/online-appointment?dealer=02258_1;Auto-Müller GmbH
618;1;https://www.bmw.de/de/shop/ls/cp/online-appointment?dealer=00618_1;Wormser GmbH Coburg
1573;1;https://www.bmw.de/de/shop/ls/cp/online-appointment?dealer=01573_1;H. Wormser GmbH
2356;1;https://www.bmw.de/de/shop/ls/cp/online-appointment?dealer=02356_1;Wormser GmbH
35003;1;https://www.bmw.de/de/shop/ls/cp/online-appointment?dealer=35003_1;Wormser GmbH Forchheim
2519;1;https://www.bmw.de/de/shop/ls/cp/online-appointment?dealer=02519_1;Autohaus Stahmer GmbH
4502;1;https://www.bmw.de/de/shop/ls/cp/online-appointment?dealer=04502_1;Walter Kühnl GmbH
4552;1;https://www.bmw.de/de/shop/ls/cp/online-appointment?dealer=04552_1;Autohaus Köhler GmbH
4776;1;https://www.bmw.de/de/shop/ls/cp/online-appointment?dealer=04776_1;Autohaus Fischer GmbH
7315;1;https://www.bmw.de/de/shop/ls/cp/online-appointment?dealer=07315_1;Autohaus Matthes GmbH
7315;6;https://www.bmw.de/de/shop/ls/cp/online-appointment?dealer=07315_6;Autohaus Matthes GmbH
7315;10;https://www.bmw.de/de/shop/ls/cp/online-appointment?dealer=07315_10;Autosalon Suhl
7315;11;https://www.bmw.de/de/shop/ls/cp/online-appointment?dealer=07315_11;Autohaus Matthes GmbH
28413;1;https://www.bmw.de/de/shop/ls/cp/online-appointment?dealer=28413_1;Autohaus Schmauser GmbH
28531;1;https://www.bmw.de/de/shop/ls/cp/online-appointment?dealer=28531_1;Autohaus Sperber GmbH & Co. KG
28531;2;https://www.bmw.de/de/shop/ls/cp/online-appointment?dealer=28531_2;Autohaus Sperber GmbH & Co. KG
31058;1;https://www.bmw.de/de/shop/ls/cp/online-appointment?dealer=31058_1;Schwarz GmbH
45053;1;https://www.bmw.de/de/shop/ls/cp/online-appointment?dealer=45053_1;Seifert Automobile GmbH
85;1;https://www.bmw.de/de/shop/ls/cp/online-appointment?dealer=00085_1;Niederlassung Stuttgart
85;2;https://www.bmw.de/de/shop/ls/cp/online-appointment?dealer=00085_2;Niederlassung Stuttgart
7850;1;https://www.bmw.de/de/shop/ls/cp/online-appointment?dealer=07850_1;Service Zentrum Regensburg
114;1;https://www.bmw.de/de/shop/ls/cp/online-appointment?dealer=00114_1;Hermann Menton GmbH & Co KG
114;3;https://www.bmw.de/de/shop/ls/cp/online-appointment?dealer=00114_3;Hermann Menton GmbH & Co KG
114;4;https://www.bmw.de/de/shop/ls/cp/online-appointment?dealer=00114_4;Hermann Menton GmbH & Co KG
250;1;https://www.bmw.de/de/shop/ls/cp/online-appointment?dealer=00250_1;Autohandelsgesellschaft mbH
250;2;https://www.bmw.de/de/shop/ls/cp/online-appointment?dealer=00250_2;Autohandelsgesellschaft mbH
250;3;https://www.bmw.de/de/shop/ls/cp/online-appointment?dealer=00250_3;Autohandelsgesellschaft mbH
250;4;https://www.bmw.de/de/shop/ls/cp/online-appointment?dealer=00250_4;Autohandelsgesellschaft mbH
250;8;https://www.bmw.de/de/shop/ls/cp/online-appointment?dealer=00250_8;Autohandelsgesellschaft mbH
250;9;https://www.bmw.de/de/shop/ls/cp/online-appointment?dealer=00250_9;Autohandelsgesellschaft mbH
250;10;https://www.bmw.de/de/shop/ls/cp/online-appointment?dealer=00250_10;Autohandelsgesellschaft mbH
250;11;https://www.bmw.de/de/shop/ls/cp/online-appointment?dealer=00250_11;Autohandelsgesellschaft mbH
250;12;https://www.bmw.de/de/shop/ls/cp/online-appointment?dealer=00250_12;Autohandelsgesellschaft mbH
250;13;https://www.bmw.de/de/shop/ls/cp/online-appointment?dealer=00250_13;Autohandelsgesellschaft mbH
250;15;https://www.bmw.de/de/shop/ls/cp/online-appointment?dealer=00250_15;Autohandelsgesellschaft mbH
250;17;https://www.bmw.de/de/shop/ls/cp/online-appointment?dealer=00250_17;Autohandelsgesellschaft mbH
250;19;https://www.bmw.de/de/shop/ls/cp/online-appointment?dealer=00250_19;Autohandelsgesellschaft mbH
250;20;https://www.bmw.de/de/shop/ls/cp/online-appointment?dealer=00250_20;Autohandelsgesellschaft mbH
250;21;https://www.bmw.de/de/shop/ls/cp/online-appointment?dealer=00250_21;Autohandelsgesellschaft mbH
250;22;https://www.bmw.de/de/shop/ls/cp/online-appointment?dealer=00250_22;Autohandelsgesellschaft mbH
250;23;https://www.bmw.de/de/shop/ls/cp/online-appointment?dealer=00250_23;Autohandelsgesellschaft mbH
250;24;https://www.bmw.de/de/shop/ls/cp/online-appointment?dealer=00250_24;Autohandelsgesellschaft mbH
250;27;https://www.bmw.de/de/shop/ls/cp/online-appointment?dealer=00250_27;Autohandelsgesellschaft mbH
250;29;https://www.bmw.de/de/shop/ls/cp/online-appointment?dealer=00250_29;Autohandelsgesellschaft mbH
250;30;https://www.bmw.de/de/shop/ls/cp/online-appointment?dealer=00250_30;Niederlassung der AHG-
250;31;https://www.bmw.de/de/shop/ls/cp/online-appointment?dealer=00250_31;Niederlassung der AHG-
250;32;https://www.bmw.de/de/shop/ls/cp/online-appointment?dealer=00250_32;Niederlassung der AHG-
250;33;https://www.bmw.de/de/shop/ls/cp/online-appointment?dealer=00250_33;Niederlassung der AHG-
250;34;https://www.bmw.de/de/shop/ls/cp/online-appointment?dealer=00250_34;Niederlassung der AHG-
427;1;https://www.bmw.de/de/shop/ls/cp/online-appointment?dealer=00427_1;Autohaus Fetzer GmbH
433;1;https://www.bmw.de/de/shop/ls/cp/online-appointment?dealer=00433_1;Autohaus Zeisler GmbH
920;1;https://www.bmw.de/de/shop/ls/cp/online-appointment?dealer=00920_1;Autohaus Briem GmbH & Co. KG
21519;1;https://www.bmw.de/de/shop/ls/cp/online-appointment?dealer=21519_1;Autohaus Briem Leinfelden GmbH
23267;1;https://www.bmw.de/de/shop/ls/cp/online-appointment?dealer=23267_1;Autohaus Briem Nürtingen GmbH
985;1;https://www.bmw.de/de/shop/ls/cp/online-appointment?dealer=00985_1;Autohaus Schmid GmbH
1064;1;https://www.bmw.de/de/shop/ls/cp/online-appointment?dealer=01064_1;Märtin GmbH
1064;2;https://www.bmw.de/de/shop/ls/cp/online-appointment?dealer=01064_2;Märtin GmbH
1064;3;https://www.bmw.de/de/shop/ls/cp/online-appointment?dealer=01064_3;Märtin GmbH
1075;1;https://www.bmw.de/de/shop/ls/cp/online-appointment?dealer=01075_1;Autohaus Schmid GmbH
1569;1;https://www.bmw.de/de/shop/ls/cp/online-appointment?dealer=01569_1;Autohaus Netuschil GmbH
4508;2;https://www.bmw.de/de/shop/ls/cp/online-appointment?dealer=04508_2;Autohaus Revo GmbH
4621;1;https://www.bmw.de/de/shop/ls/cp/online-appointment?dealer=04621_1;H. Emmerich GmbH
4818;1;https://www.bmw.de/de/shop/ls/cp/online-appointment?dealer=04818_1;Autohaus Müller GmbH & Co. KG
30380;1;https://www.bmw.de/de/shop/ls/cp/online-appointment?dealer=30380_1;Autohaus Müller GmbH
29484;1;https://www.bmw.de/de/shop/ls/cp/online-appointment?dealer=29484_1;Autohaus Thoma GmbH
29925;1;https://www.bmw.de/de/shop/ls/cp/online-appointment?dealer=29925_1;Gottstein GmbH
29925;2;https://www.bmw.de/de/shop/ls/cp/online-appointment?dealer=29925_2;Gottstein GmbH
29925;3;https://www.bmw.de/de/shop/ls/cp/online-appointment?dealer=29925_3;Gottstein GmbH
29925;4;https://www.bmw.de/de/shop/ls/cp/online-appointment?dealer=29925_4;Gottstein GmbH
30976;1;https://www.bmw.de/de/shop/ls/cp/online-appointment?dealer=30976_1;Josef Mayer GmbH
34841;1;https://www.bmw.de/de/shop/ls/cp/online-appointment?dealer=34841_1;Bühler & Ruff KfZ-Technik GmbH
51;1;https://www.bmw.de/de/shop/ls/cp/online-appointment?dealer=00051_1;Service Zentrum
85;5;https://www.bmw.de/de/shop/ls/cp/online-appointment?dealer=00085_5;Niederlassung Mannheim
85;6;https://www.bmw.de/de/shop/ls/cp/online-appointment?dealer=00085_6;Niederlassung Mannheim
85;9;https://www.bmw.de/de/shop/ls/cp/online-appointment?dealer=00085_9;Niederlassung Saarbrücken
85;10;https://www.bmw.de/de/shop/ls/cp/online-appointment?dealer=00085_10;Niederlassung Saarlouis
85;11;https://www.bmw.de/de/shop/ls/cp/online-appointment?dealer=00085_11;Niederlassung Saar-Pfalz
282;1;https://www.bmw.de/de/shop/ls/cp/online-appointment?dealer=00282_1;Auto-Schmidt Rudolf Schmidt e.K.
440;1;https://www.bmw.de/de/shop/ls/cp/online-appointment?dealer=00440_1;Adolf Cuntz KG
440;2;https://www.bmw.de/de/shop/ls/cp/online-appointment?dealer=00440_2;Adolf Cuntz KG
737;1;https://www.bmw.de/de/shop/ls/cp/online-appointment?dealer=00737_1;Autohaus Krauth GmbH & Co. KG
737;2;https://www.bmw.de/de/shop/ls/cp/online-appointment?dealer=00737_2;Autohaus Krauth GmbH & Co. KG
737;3;https://www.bmw.de/de/shop/ls/cp/online-appointment?dealer=00737_3;Autohaus Krauth GmbH & Co. KG
737;4;https://www.bmw.de/de/shop/ls/cp/online-appointment?dealer=00737_4;Autohaus Krauth GmbH & Co. KG
737;9;https://www.bmw.de/de/shop/ls/cp/online-appointment?dealer=00737_9;Autohaus Krauth GmbH & Co. KG
737;10;https://www.bmw.de/de/shop/ls/cp/online-appointment?dealer=00737_10;Autohaus Krauth GmbH & Co. KG
738;1;https://www.bmw.de/de/shop/ls/cp/online-appointment?dealer=00738_1;Autohaus Knopf GmbH & Co. KG
911;1;https://www.bmw.de/de/shop/ls/cp/online-appointment?dealer=00911_1;Klaus Scheller GmbH
911;2;https://www.bmw.de/de/shop/ls/cp/online-appointment?dealer=00911_2;Klaus Scheller GmbH
911;3;https://www.bmw.de/de/shop/ls/cp/online-appointment?dealer=00911_3;Klaus Scheller GmbH
1889;1;https://www.bmw.de/de/shop/ls/cp/online-appointment?dealer=01889_1;Autohaus Uwe Ratzel GmbH & Co. KG
2436;1;https://www.bmw.de/de/shop/ls/cp/online-appointment?dealer=02436_1;VOGEL Autohäuser GmbH & Co. KG
2436;2;https://www.bmw.de/de/shop/ls/cp/online-appointment?dealer=02436_2;VOGEL Autohäuser GmbH & Co. KG
2436;3;https://www.bmw.de/de/shop/ls/cp/online-appointment?dealer=02436_3;VOGEL Autohäuser GmbH & Co. KG
27945;1;https://www.bmw.de/de/shop/ls/cp/online-appointment?dealer=27945_1;Peter Nick GmbH
30315;1;https://www.bmw.de/de/shop/ls/cp/online-appointment?dealer=30315_1;Ungeheuer Automobile GmbH
30315;2;https://www.bmw.de/de/shop/ls/cp/online-appointment?dealer=30315_2;Ungeheuer Automobile GmbH
30315;3;https://www.bmw.de/de/shop/ls/cp/online-appointment?dealer=30315_3;Ungeheuer Automobile GmbH
30315;4;https://www.bmw.de/de/shop/ls/cp/online-appointment?dealer=30315_4;Ungeheuer Automobile GmbH
30400;1;https://www.bmw.de/de/shop/ls/cp/online-appointment?dealer=30400_1;Henning Orth Automobile GmbH & Co. KG
30636;1;https://www.bmw.de/de/shop/ls/cp/online-appointment?dealer=30636_1;Cloppenburg GmbH
30637;1;https://www.bmw.de/de/shop/ls/cp/online-appointment?dealer=30637_1;Cloppenburg GmbH
30637;2;https://www.bmw.de/de/shop/ls/cp/online-appointment?dealer=30637_2;Cloppenburg GmbH
30637;3;https://www.bmw.de/de/shop/ls/cp/online-appointment?dealer=30637_3;Cloppenburg GmbH
30637;4;https://www.bmw.de/de/shop/ls/cp/online-appointment?dealer=30637_4;Cloppenburg GmbH
30637;5;https://www.bmw.de/de/shop/ls/cp/online-appointment?dealer=30637_5;Cloppenburg GmbH
33854;1;https://www.bmw.de/de/shop/ls/cp/online-appointment?dealer=33854_1;Müller-Dynamic GmbH
33854;2;https://www.bmw.de/de/shop/ls/cp/online-appointment?dealer=33854_2;Müller-Dynamic GmbH
33854;3;https://www.bmw.de/de/shop/ls/cp/online-appointment?dealer=33854_3;Müller-Dynamic GmbH
33854;4;https://www.bmw.de/de/shop/ls/cp/online-appointment?dealer=33854_4;Müller-Dynamic GmbH
36342;1;https://www.bmw.de/de/shop/ls/cp/online-appointment?dealer=36342_1;Auto-Albert GmbH
40330;1;https://www.bmw.de/de/shop/ls/cp/online-appointment?dealer=40330_1;Hoffmann e. K.
47793;1;https://www.bmw.de/de/shop/ls/cp/online-appointment?dealer=47793_1;Autohaus Bock GmbH & Co. KG
4109;1;https://www.bmw.de/de/shop/ls/cp/online-appointment?dealer=04109_1;Autohaus Fritze GmbH & Co. KG
4109;5;https://www.bmw.de/de/shop/ls/cp/online-appointment?dealer=04109_5;Autohaus Fritze GmbH & Co. KG
4109;7;https://www.bmw.de/de/shop/ls/cp/online-appointment?dealer=04109_7;Autohaus Fritze GmbH & Co. KG
4109;8;https://www.bmw.de/de/shop/ls/cp/online-appointment?dealer=04109_8;Autohaus Fritze GmbH & Co. KG
4111;1;https://www.bmw.de/de/shop/ls/cp/online-appointment?dealer=04111_1;Autohaus Fiebig GmbH
4114;1;https://www.bmw.de/de/shop/ls/cp/online-appointment?dealer=04114_1;Autohaus Zentral GmbH
4553;1;https://www.bmw.de/de/shop/ls/cp/online-appointment?dealer=04553_1;Autohaus Kühnert GmbH & Co. KG
4553;2;https://www.bmw.de/de/shop/ls/cp/online-appointment?dealer=04553_2;Autohaus Kühnert GmbH & Co. KG
4553;5;https://www.bmw.de/de/shop/ls/cp/online-appointment?dealer=04553_5;Autohaus Kühnert GmbH & Co. KG
4553;6;https://www.bmw.de/de/shop/ls/cp/online-appointment?dealer=04553_6;Autohaus Kühnert GmbH & Co. KG
4553;7;https://www.bmw.de/de/shop/ls/cp/online-appointment?dealer=04553_7;Autohaus Kühnert GmbH & Co. KG
4553;8;https://www.bmw.de/de/shop/ls/cp/online-appointment?dealer=04553_8;Autohaus Kühnert GmbH & Co. KG
4562;1;https://www.bmw.de/de/shop/ls/cp/online-appointment?dealer=04562_1;Langenhan GmbH
24769;1;https://www.bmw.de/de/shop/ls/cp/online-appointment?dealer=24769_1;Langenhan Mühlhausen GmbH
27040;1;https://www.bmw.de/de/shop/ls/cp/online-appointment?dealer=27040_1;Langenhan Eisenach GmbH
7466;1;https://www.bmw.de/de/shop/ls/cp/online-appointment?dealer=07466_1;Schubert Motors GmbH
7466;2;https://www.bmw.de/de/shop/ls/cp/online-appointment?dealer=07466_2;Schubert Motors GmbH
7466;7;https://www.bmw.de/de/shop/ls/cp/online-appointment?dealer=07466_7;Schubert Motors GmbH
7466;8;https://www.bmw.de/de/shop/ls/cp/online-appointment?dealer=07466_8;Schubert Motors GmbH
7466;10;https://www.bmw.de/de/shop/ls/cp/online-appointment?dealer=07466_10;Schubert Motors GmbH
7466;11;https://www.bmw.de/de/shop/ls/cp/online-appointment?dealer=07466_11;Schubert Motors GmbH
7466;12;https://www.bmw.de/de/shop/ls/cp/online-appointment?dealer=07466_12;Schubert Motors GmbH
7466;13;https://www.bmw.de/de/shop/ls/cp/online-appointment?dealer=07466_13;Schubert Motors GmbH
7466;15;https://www.bmw.de/de/shop/ls/cp/online-appointment?dealer=07466_15;Schubert Motors GmbH
29964;1;https://www.bmw.de/de/shop/ls/cp/online-appointment?dealer=29964_1;Kellner Erfurt GmbH
29964;2;https://www.bmw.de/de/shop/ls/cp/online-appointment?dealer=29964_2;Kellner Erfurt GmbH
22406;1;https://www.bmw.de/de/shop/ls/cp/online-appointment?dealer=22406_1;Cloppenburg GmbH
22406;2;https://www.bmw.de/de/shop/ls/cp/online-appointment?dealer=22406_2;Cloppenburg GmbH
22406;3;https://www.bmw.de/de/shop/ls/cp/online-appointment?dealer=22406_3;Cloppenburg GmbH
43935;1;https://www.bmw.de/de/shop/ls/cp/online-appointment?dealer=43935_1;Cloppenburg GmbH
31999;1;https://www.bmw.de/de/shop/ls/cp/online-appointment?dealer=31999_1;Autohaus Strauß GmbH
31999;2;https://www.bmw.de/de/shop/ls/cp/online-appointment?dealer=31999_2;Autohaus Strauß GmbH
31999;4;https://www.bmw.de/de/shop/ls/cp/online-appointment?dealer=31999_4;Autohaus Strauß GmbH
33269;1;https://www.bmw.de/de/shop/ls/cp/online-appointment?dealer=33269_1;Isert GmbH & Co.KG
39549;1;https://www.bmw.de/de/shop/ls/cp/online-appointment?dealer=39549_1;Automobile Hünniger GmbH
4543;1;https://www.bmw.de/de/shop/ls/cp/online-appointment?dealer=04543_1;Niederlassung Leipzig
4543;3;https://www.bmw.de/de/shop/ls/cp/online-appointment?dealer=04543_3;Niederlassung Leipzig
4543;4;https://www.bmw.de/de/shop/ls/cp/online-appointment?dealer=04543_4;Niederlassung Dresden
4543;5;https://www.bmw.de/de/shop/ls/cp/online-appointment?dealer=04543_5;Niederlassung Chemnitz
3813;1;https://www.bmw.de/de/shop/ls/cp/online-appointment?dealer=03813_1;Autohaus Melkus GmbH
3813;2;https://www.bmw.de/de/shop/ls/cp/online-appointment?dealer=03813_2;Autohaus Melkus GmbH
3821;1;https://www.bmw.de/de/shop/ls/cp/online-appointment?dealer=03821_1;Müller Leipzig GmbH
7814;1;https://www.bmw.de/de/shop/ls/cp/online-appointment?dealer=07814_1;Müller Eilenburg GmbH
23258;1;https://www.bmw.de/de/shop/ls/cp/online-appointment?dealer=23258_1;Müller Wittenberg GmbH
30312;1;https://www.bmw.de/de/shop/ls/cp/online-appointment?dealer=30312_1;Müller Wurzen GmbH
4110;1;https://www.bmw.de/de/shop/ls/cp/online-appointment?dealer=04110_1;Autohaus Ruffert GmbH
4110;2;https://www.bmw.de/de/shop/ls/cp/online-appointment?dealer=04110_2;Autohaus Ruffert GmbH
4112;1;https://www.bmw.de/de/shop/ls/cp/online-appointment?dealer=04112_1;Autohaus Weigl GmbH
24127;1;https://www.bmw.de/de/shop/ls/cp/online-appointment?dealer=24127_1;Weigl Automobile GmbH
4536;1;https://www.bmw.de/de/shop/ls/cp/online-appointment?dealer=04536_1;Autohaus Andreas Pulz
4568;1;https://www.bmw.de/de/shop/ls/cp/online-appointment?dealer=04568_1;Autohaus Berger GmbH
7205;1;https://www.bmw.de/de/shop/ls/cp/online-appointment?dealer=07205_1;Autohaus Zwingenberger
7205;3;https://www.bmw.de/de/shop/ls/cp/online-appointment?dealer=07205_3;Autohaus Zwingenberger
7214;1;https://www.bmw.de/de/shop/ls/cp/online-appointment?dealer=07214_1;Autohaus Kühne GmbH
7214;2;https://www.bmw.de/de/shop/ls/cp/online-appointment?dealer=07214_2;Autohaus Kühne GmbH
7214;3;https://www.bmw.de/de/shop/ls/cp/online-appointment?dealer=07214_3;Autohaus Kühne GmbH
7830;1;https://www.bmw.de/de/shop/ls/cp/online-appointment?dealer=07830_1;Autohaus Ehrl GmbH Halle 
31253;1;https://www.bmw.de/de/shop/ls/cp/online-appointment?dealer=31253_1;Autohaus Ehrl GmbH Halle Zentrum
32047;1;https://www.bmw.de/de/shop/ls/cp/online-appointment?dealer=32047_1;Autohaus Ehrl GmbH Dessau 
33206;1;https://www.bmw.de/de/shop/ls/cp/online-appointment?dealer=33206_1;Autohaus C. Ehrl GmbH
35644;1;https://www.bmw.de/de/shop/ls/cp/online-appointment?dealer=35644_1;mobilforum GmbH
35644;3;https://www.bmw.de/de/shop/ls/cp/online-appointment?dealer=35644_3;mobilforum GmbH
35644;4;https://www.bmw.de/de/shop/ls/cp/online-appointment?dealer=35644_4;mobilforum GmbH
35644;5;https://www.bmw.de/de/shop/ls/cp/online-appointment?dealer=35644_5;mobilforum GmbH
39355;1;https://www.bmw.de/de/shop/ls/cp/online-appointment?dealer=39355_1;Automobile Görnitz
74;1;https://www.bmw.de/de/shop/ls/cp/online-appointment?dealer=00074_1;Niederlassung Frankfurt
74;3;https://www.bmw.de/de/shop/ls/cp/online-appointment?dealer=00074_3;Niederlassung Offenbach
74;5;https://www.bmw.de/de/shop/ls/cp/online-appointment?dealer=00074_5;Niederlassung Dreieich
74;8;https://www.bmw.de/de/shop/ls/cp/online-appointment?dealer=00074_8;Niederlassung Darmstadt
74;16;https://www.bmw.de/de/shop/ls/cp/online-appointment?dealer=00074_16;Niederlassung Kassel
141;1;https://www.bmw.de/de/shop/ls/cp/online-appointment?dealer=00141_1;HANKO Kraftfahrzeughandel GmbH
141;2;https://www.bmw.de/de/shop/ls/cp/online-appointment?dealer=00141_2;HANKO Kraftfahrzeughandel GmbH
795;1;https://www.bmw.de/de/shop/ls/cp/online-appointment?dealer=00795_1;Hakvoort GmbH
795;2;https://www.bmw.de/de/shop/ls/cp/online-appointment?dealer=00795_2;Hakvoort GmbH
4603;1;https://www.bmw.de/de/shop/ls/cp/online-appointment?dealer=04603_1;Automobile Hakvoort GmbH
4603;2;https://www.bmw.de/de/shop/ls/cp/online-appointment?dealer=04603_2;Automobile Hakvoort GmbH
4603;3;https://www.bmw.de/de/shop/ls/cp/online-appointment?dealer=04603_3;Automobile Hakvoort GmbH
4603;4;https://www.bmw.de/de/shop/ls/cp/online-appointment?dealer=04603_4;Automobile Hakvoort GmbH
916;1;https://www.bmw.de/de/shop/ls/cp/online-appointment?dealer=00916_1;Auto Wüst GmbH
1032;1;https://www.bmw.de/de/shop/ls/cp/online-appointment?dealer=01032_1;Autohaus Bilia GmbH & Co KG
1032;2;https://www.bmw.de/de/shop/ls/cp/online-appointment?dealer=01032_2;Autohaus Bilia GmbH & Co KG
1032;3;https://www.bmw.de/de/shop/ls/cp/online-appointment?dealer=01032_3;Autohaus Bilia GmbH & Co KG
1032;4;https://www.bmw.de/de/shop/ls/cp/online-appointment?dealer=01032_4;Autohaus Bilia GmbH & Co KG
1032;5;https://www.bmw.de/de/shop/ls/cp/online-appointment?dealer=01032_5;Autohaus Bilia GmbH & Co KG
1032;6;https://www.bmw.de/de/shop/ls/cp/online-appointment?dealer=01032_6;Autohaus Bilia GmbH & Co KG
1032;7;https://www.bmw.de/de/shop/ls/cp/online-appointment?dealer=01032_7;Autohaus Bilia GmbH & Co KG
1263;13;https://www.bmw.de/de/shop/ls/cp/online-appointment?dealer=01263_13;B & K GmbH & Co. KG
1263;14;https://www.bmw.de/de/shop/ls/cp/online-appointment?dealer=01263_14;B & K GmbH & Co. KG
1548;1;https://www.bmw.de/de/shop/ls/cp/online-appointment?dealer=01548_1;Autohaus Euler GmbH
1548;2;https://www.bmw.de/de/shop/ls/cp/online-appointment?dealer=01548_2;Autohaus Euler GmbH
28454;1;https://www.bmw.de/de/shop/ls/cp/online-appointment?dealer=28454_1;Euler Hofheim GmbH
30635;1;https://www.bmw.de/de/shop/ls/cp/online-appointment?dealer=30635_1;Euler Pirmasens GmbH
30635;2;https://www.bmw.de/de/shop/ls/cp/online-appointment?dealer=30635_2;Euler Pirmasens GmbH
30635;3;https://www.bmw.de/de/shop/ls/cp/online-appointment?dealer=30635_3;AH Euler Pirmasens GmbH
32112;1;https://www.bmw.de/de/shop/ls/cp/online-appointment?dealer=32112_1;Euler Kaiserslautern GmbH
32112;3;https://www.bmw.de/de/shop/ls/cp/online-appointment?dealer=32112_3;Euler Kaiserslautern GmbH
49003;1;https://www.bmw.de/de/shop/ls/cp/online-appointment?dealer=49003_1;Autohaus Euler Mühlheim GmbH
49003;2;https://www.bmw.de/de/shop/ls/cp/online-appointment?dealer=49003_2;Autohaus Euler Mühlheim GmbH
49003;3;https://www.bmw.de/de/shop/ls/cp/online-appointment?dealer=49003_3;Autohaus Euler Mühlheim GmbH
131;1;https://www.bmw.de/de/shop/ls/cp/online-appointment?dealer=00131_1;Autohaus Karl + Co. GmbH & Co. KG
131;2;https://www.bmw.de/de/shop/ls/cp/online-appointment?dealer=00131_2;Autohaus Karl + Co. GmbH & Co. KG
131;7;https://www.bmw.de/de/shop/ls/cp/online-appointment?dealer=00131_7;Autohaus Karl + Co. GmbH & Co. KG
674;1;https://www.bmw.de/de/shop/ls/cp/online-appointment?dealer=00674_1;Krah & Enders GmbH
1822;1;https://www.bmw.de/de/shop/ls/cp/online-appointment?dealer=01822_1;Krah & Enders GmbH
1822;2;https://www.bmw.de/de/shop/ls/cp/online-appointment?dealer=01822_2;Krah & Enders GmbH
1822;4;https://www.bmw.de/de/shop/ls/cp/online-appointment?dealer=01822_4;Krah & Enders GmbH
1822;5;https://www.bmw.de/de/shop/ls/cp/online-appointment?dealer=01822_5;Krah & Enders GmbH
28864;1;https://www.bmw.de/de/shop/ls/cp/online-appointment?dealer=28864_1;Krah+Enders GmbH & Co. KG
1868;1;https://www.bmw.de/de/shop/ls/cp/online-appointment?dealer=01868_1;Autohaus Weissenfels GmbH
4712;1;https://www.bmw.de/de/shop/ls/cp/online-appointment?dealer=04712_1;Hermann Arnold GmbH
4712;2;https://www.bmw.de/de/shop/ls/cp/online-appointment?dealer=04712_2;Hermann Arnold GmbH
4712;3;https://www.bmw.de/de/shop/ls/cp/online-appointment?dealer=04712_3;Hermann Arnold GmbH
27920;1;https://www.bmw.de/de/shop/ls/cp/online-appointment?dealer=27920_1;Autohaus Wallenwein GmbH
27923;1;https://www.bmw.de/de/shop/ls/cp/online-appointment?dealer=27923_1;Auto Reichold GmbH & Co. KG
28235;1;https://www.bmw.de/de/shop/ls/cp/online-appointment?dealer=28235_1;Team Pilz GmbH
35090;1;https://www.bmw.de/de/shop/ls/cp/online-appointment?dealer=35090_1;Team Pilz GmbH
28236;1;https://www.bmw.de/de/shop/ls/cp/online-appointment?dealer=28236_1;Autohaus Günther GmbH
30776;1;https://www.bmw.de/de/shop/ls/cp/online-appointment?dealer=30776_1;Autohaus Lauterbach
27;1;https://www.bmw.de/de/shop/ls/cp/online-appointment?dealer=00027_1;Niederlassung Düsseldorf
27;2;https://www.bmw.de/de/shop/ls/cp/online-appointment?dealer=00027_2;Niederlassung Düsseldorf
27;8;https://www.bmw.de/de/shop/ls/cp/online-appointment?dealer=00027_8;Niederlassung Bonn
153;1;https://www.bmw.de/de/shop/ls/cp/online-appointment?dealer=00153_1;Auto Becker Hans Klausmann GmbH & Co. KG
153;2;https://www.bmw.de/de/shop/ls/cp/online-appointment?dealer=00153_2;Auto Becker Hans Klausmann GmbH & Co. KG
219;1;https://www.bmw.de/de/shop/ls/cp/online-appointment?dealer=00219_1;Baum-Automobile GmbH & Co. KG
186;1;https://www.bmw.de/de/shop/ls/cp/online-appointment?dealer=00186_1;Autohaus Timmermanns GmbH
224;1;https://www.bmw.de/de/shop/ls/cp/online-appointment?dealer=00224_1;Autohaus Timmermanns GmbH
224;2;https://www.bmw.de/de/shop/ls/cp/online-appointment?dealer=00224_2;Autohaus Timmermanns GmbH
35404;1;https://www.bmw.de/de/shop/ls/cp/online-appointment?dealer=35404_1;Autohaus Timmermanns 
508;1;https://www.bmw.de/de/shop/ls/cp/online-appointment?dealer=00508_1;Rolf Horn GmbH
508;3;https://www.bmw.de/de/shop/ls/cp/online-appointment?dealer=00508_3;Rolf Horn GmbH
508;4;https://www.bmw.de/de/shop/ls/cp/online-appointment?dealer=00508_4;Rolf Horn GmbH
508;5;https://www.bmw.de/de/shop/ls/cp/online-appointment?dealer=00508_5;Rolf Horn GmbH
508;8;https://www.bmw.de/de/shop/ls/cp/online-appointment?dealer=00508_8;Rolf Horn GmbH
508;9;https://www.bmw.de/de/shop/ls/cp/online-appointment?dealer=00508_9;Rolf Horn GmbH
1188;1;https://www.bmw.de/de/shop/ls/cp/online-appointment?dealer=01188_1;Hans Brandenburg GmbH
4071;1;https://www.bmw.de/de/shop/ls/cp/online-appointment?dealer=04071_1;Hans Brandenburg GmbH
26508;1;https://www.bmw.de/de/shop/ls/cp/online-appointment?dealer=26508_1;Hans Brandenburg GmbH
32774;1;https://www.bmw.de/de/shop/ls/cp/online-appointment?dealer=32774_1;Hans Brandenburg GmbH
2732;1;https://www.bmw.de/de/shop/ls/cp/online-appointment?dealer=02732_1;Autohaus Kainz
4703;1;https://www.bmw.de/de/shop/ls/cp/online-appointment?dealer=04703_1;Autohaus Kainz
28323;1;https://www.bmw.de/de/shop/ls/cp/online-appointment?dealer=28323_1;Autohaus Kainz
4746;1;https://www.bmw.de/de/shop/ls/cp/online-appointment?dealer=04746_1;Kohl-Automobile GmbH
4746;11;https://www.bmw.de/de/shop/ls/cp/online-appointment?dealer=04746_11;Kohl-Automobile GmbH
4746;12;https://www.bmw.de/de/shop/ls/cp/online-appointment?dealer=04746_12;Kohl-Automobile GmbH
4746;14;https://www.bmw.de/de/shop/ls/cp/online-appointment?dealer=04746_14;Kohl-Automobile GmbH
21887;1;https://www.bmw.de/de/shop/ls/cp/online-appointment?dealer=21887_1;Autohaus Schaal GmbH
21887;2;https://www.bmw.de/de/shop/ls/cp/online-appointment?dealer=21887_2;Autohaus Schaal GmbH
36881;1;https://www.bmw.de/de/shop/ls/cp/online-appointment?dealer=36881_1;Faba Autowelt GmbH
38866;1;https://www.bmw.de/de/shop/ls/cp/online-appointment?dealer=38866_1;Proauto GmbH
40365;3;https://www.bmw.de/de/shop/ls/cp/online-appointment?dealer=40365_3;Christian Braun
40917;1;https://www.bmw.de/de/shop/ls/cp/online-appointment?dealer=40917_1;Martin Jacoby GmbH & Co. KG
27;4;https://www.bmw.de/de/shop/ls/cp/online-appointment?dealer=00027_4;Niederlassung Dortmund
139;1;https://www.bmw.de/de/shop/ls/cp/online-appointment?dealer=00139_1;Alfred Wahl GmbH & Co.KG
139;3;https://www.bmw.de/de/shop/ls/cp/online-appointment?dealer=00139_3;Alfred Wahl GmbH & Co. KG
139;4;https://www.bmw.de/de/shop/ls/cp/online-appointment?dealer=00139_4;Alfred Wahl GmbH & Co.KG
23970;1;https://www.bmw.de/de/shop/ls/cp/online-appointment?dealer=23970_1;Automobilgesellschaft Wahl
23970;4;https://www.bmw.de/de/shop/ls/cp/online-appointment?dealer=23970_4;Automobilgesellschaft Wahl mbH & Co. KG
32320;1;https://www.bmw.de/de/shop/ls/cp/online-appointment?dealer=32320_1;ASW Wahl GmbH & Co. KG
32320;2;https://www.bmw.de/de/shop/ls/cp/online-appointment?dealer=32320_2;ASW Wahl GmbH & Co. KG
46476;1;https://www.bmw.de/de/shop/ls/cp/online-appointment?dealer=46476_1;Wahl Mittelhessen GmbH & Co. KG
46476;2;https://www.bmw.de/de/shop/ls/cp/online-appointment?dealer=46476_2;Wahl Mittelhessen GmbH & Co. KG
46476;3;https://www.bmw.de/de/shop/ls/cp/online-appointment?dealer=46476_3;Wahl Mittelhessen GmbH & Co. KG
193;1;https://www.bmw.de/de/shop/ls/cp/online-appointment?dealer=00193_1;Vogelsang Automobile GmbH & Co. KG
263;1;https://www.bmw.de/de/shop/ls/cp/online-appointment?dealer=00263_1;AHAG Dorsten
1066;1;https://www.bmw.de/de/shop/ls/cp/online-appointment?dealer=01066_1;AHAG Automobil-Handelsges.
1066;2;https://www.bmw.de/de/shop/ls/cp/online-appointment?dealer=01066_2;AHAG Automobil-Handelsges.
1861;1;https://www.bmw.de/de/shop/ls/cp/online-appointment?dealer=01861_1;Bernhard Ernst GmbH & Co. KG
2224;1;https://www.bmw.de/de/shop/ls/cp/online-appointment?dealer=02224_1;AHAG Coesfeld GmbH
21567;1;https://www.bmw.de/de/shop/ls/cp/online-appointment?dealer=21567_1;Autohaus Cyran GmbH
33364;1;https://www.bmw.de/de/shop/ls/cp/online-appointment?dealer=33364_1;AHAG Dülmen GmbH
38476;1;https://www.bmw.de/de/shop/ls/cp/online-appointment?dealer=38476_1;AHAG Bochum GmbH
38476;2;https://www.bmw.de/de/shop/ls/cp/online-appointment?dealer=38476_2;AHAG Bochum GmbH
1575;1;https://www.bmw.de/de/shop/ls/cp/online-appointment?dealer=01575_1;Inhaber Christoph Backhaus e. K.
1859;1;https://www.bmw.de/de/shop/ls/cp/online-appointment?dealer=01859_1;Erwin Schmidt GmbH & Co. KG
1859;4;https://www.bmw.de/de/shop/ls/cp/online-appointment?dealer=01859_4;Erwin Schmidt GmbH & Co. KG
1859;5;https://www.bmw.de/de/shop/ls/cp/online-appointment?dealer=01859_5;Erwin Schmidt GmbH & Co. KG
1859;6;https://www.bmw.de/de/shop/ls/cp/online-appointment?dealer=01859_6;Erwin Schmidt GmbH & Co. KG
3454;1;https://www.bmw.de/de/shop/ls/cp/online-appointment?dealer=03454_1;Autohaus Walter Ritzel GmbH & Co. KG
3897;1;https://www.bmw.de/de/shop/ls/cp/online-appointment?dealer=03897_1;Autohaus Lange GmbH & Co. KG
353;1;https://www.bmw.de/de/shop/ls/cp/online-appointment?dealer=00353_1;Autohaus Kaltenbach GmbH & Co. KG
1413;1;https://www.bmw.de/de/shop/ls/cp/online-appointment?dealer=01413_1;Autohaus Amelung GmbH
1914;1;https://www.bmw.de/de/shop/ls/cp/online-appointment?dealer=01914_1;Autohaus Kaltenbach GmbH & Co. KG
2712;1;https://www.bmw.de/de/shop/ls/cp/online-appointment?dealer=02712_1;Autohaus Kaltenbach GmbH & Co. KG
2807;1;https://www.bmw.de/de/shop/ls/cp/online-appointment?dealer=02807_1;AKG Automobile GmbH
4709;1;https://www.bmw.de/de/shop/ls/cp/online-appointment?dealer=04709_1;Kaltenbach Automobile GmbH & Co. KG
7322;1;https://www.bmw.de/de/shop/ls/cp/online-appointment?dealer=07322_1;Kaltenbach Automobile GmbH
23309;1;https://www.bmw.de/de/shop/ls/cp/online-appointment?dealer=23309_1;Autohaus Kaltenbach GmbH & Co. KG
23368;1;https://www.bmw.de/de/shop/ls/cp/online-appointment?dealer=23368_1;Autohaus Kaltenbach GmbH & Co. KG
31099;1;https://www.bmw.de/de/shop/ls/cp/online-appointment?dealer=31099_1;Autohaus Kaltenbach GmbH
37177;1;https://www.bmw.de/de/shop/ls/cp/online-appointment?dealer=37177_1;Autohaus Kaltenbach GmbH
38573;1;https://www.bmw.de/de/shop/ls/cp/online-appointment?dealer=38573_1;Kaltenbach Automobile GmbH & Co. KG
38574;1;https://www.bmw.de/de/shop/ls/cp/online-appointment?dealer=38574_1;Autohaus Kaltenbach GmbH & Co. KG
27959;1;https://www.bmw.de/de/shop/ls/cp/online-appointment?dealer=27959_1;Autohaus Gubin GmbH
28023;1;https://www.bmw.de/de/shop/ls/cp/online-appointment?dealer=28023_1;Manfred Maurer GmbH
28964;1;https://www.bmw.de/de/shop/ls/cp/online-appointment?dealer=28964_1;Autohaus Rump GmbH
33232;1;https://www.bmw.de/de/shop/ls/cp/online-appointment?dealer=33232_1;Autohaus Cyran GmbH
33248;1;https://www.bmw.de/de/shop/ls/cp/online-appointment?dealer=33248_1;Autohaus E. Funke 
39436;1;https://www.bmw.de/de/shop/ls/cp/online-appointment?dealer=39436_1;Autohaus Haupt GmbH
27;5;https://www.bmw.de/de/shop/ls/cp/online-appointment?dealer=00027_5;Niederlassung Essen
232;1;https://www.bmw.de/de/shop/ls/cp/online-appointment?dealer=00232_1;Autohaus Muhra GmbH
1818;1;https://www.bmw.de/de/shop/ls/cp/online-appointment?dealer=01818_1;Autohaus Kruft GmbH
23337;1;https://www.bmw.de/de/shop/ls/cp/online-appointment?dealer=23337_1;Philipp Automobile GmbH
25997;1;https://www.bmw.de/de/shop/ls/cp/online-appointment?dealer=25997_1;Götze & Gellermann GmbH
32913;1;https://www.bmw.de/de/shop/ls/cp/online-appointment?dealer=32913_1;Overdreef GmbH
37014;1;https://www.bmw.de/de/shop/ls/cp/online-appointment?dealer=37014_1;Riedel Automobile GmbH
38445;1;https://www.bmw.de/de/shop/ls/cp/online-appointment?dealer=38445_1;Felix Automobile GmbH
44164;1;https://www.bmw.de/de/shop/ls/cp/online-appointment?dealer=44164_1;Ernst & Lappe GmbH
1911;1;https://www.bmw.de/de/shop/ls/cp/online-appointment?dealer=01911_1;Fett & Wirtz Automobile GmbH & Co. KG
1911;3;https://www.bmw.de/de/shop/ls/cp/online-appointment?dealer=01911_3;Fett & Wirtz Automobile GmbH & Co. KG
1911;4;https://www.bmw.de/de/shop/ls/cp/online-appointment?dealer=01911_4;Fett & Wirtz Automobile GmbH & Co. KG
1911;5;https://www.bmw.de/de/shop/ls/cp/online-appointment?dealer=01911_5;Fett & Wirtz Automobile GmbH & Co. KG
3415;1;https://www.bmw.de/de/shop/ls/cp/online-appointment?dealer=03415_1;Horst Greiwing KG
3419;1;https://www.bmw.de/de/shop/ls/cp/online-appointment?dealer=03419_1;Autohaus Schneider GmbH & Co. KG
3892;1;https://www.bmw.de/de/shop/ls/cp/online-appointment?dealer=03892_1;Procar Automobile GmbH
3892;2;https://www.bmw.de/de/shop/ls/cp/online-appointment?dealer=03892_2;Procar Automobile GmbH
3892;3;https://www.bmw.de/de/shop/ls/cp/online-appointment?dealer=03892_3;Procar Automobile GmbH
3892;4;https://www.bmw.de/de/shop/ls/cp/online-appointment?dealer=03892_4;Procar Automobile GmbH
3892;5;https://www.bmw.de/de/shop/ls/cp/online-appointment?dealer=03892_5;Procar Automobile GmbH
3892;6;https://www.bmw.de/de/shop/ls/cp/online-appointment?dealer=03892_6;Procar Automobile GmbH
3892;8;https://www.bmw.de/de/shop/ls/cp/online-appointment?dealer=03892_8;Procar Automobile GmbH
3892;10;https://www.bmw.de/de/shop/ls/cp/online-appointment?dealer=03892_10;Procar Automobile GmbH
3892;11;https://www.bmw.de/de/shop/ls/cp/online-appointment?dealer=03892_11;Procar Automobile GmbH
3892;12;https://www.bmw.de/de/shop/ls/cp/online-appointment?dealer=03892_12;Procar Automobile GmbH
3892;13;https://www.bmw.de/de/shop/ls/cp/online-appointment?dealer=03892_13;Procar Automobile GmbH
26636;1;https://www.bmw.de/de/shop/ls/cp/online-appointment?dealer=26636_1;Procar Automobile GmbH & Co. KG
26636;2;https://www.bmw.de/de/shop/ls/cp/online-appointment?dealer=26636_2;Procar Automobile GmbH & Co. KG
26636;3;https://www.bmw.de/de/shop/ls/cp/online-appointment?dealer=26636_3;Procar Automobile GmbH & Co. KG
26636;5;https://www.bmw.de/de/shop/ls/cp/online-appointment?dealer=26636_5;Procar Automobile GmbH & Co. KG
26636;6;https://www.bmw.de/de/shop/ls/cp/online-appointment?dealer=26636_6;Procar Automobile GmbH & Co. KG
4146;1;https://www.bmw.de/de/shop/ls/cp/online-appointment?dealer=04146_1;Wilhelm Boomers GmbH & Co. KG
26505;1;https://www.bmw.de/de/shop/ls/cp/online-appointment?dealer=26505_1;Boomers GmbH & Co. KG
35372;1;https://www.bmw.de/de/shop/ls/cp/online-appointment?dealer=35372_1;Jungeblut GmbH & Co. KG
44822;1;https://www.bmw.de/de/shop/ls/cp/online-appointment?dealer=44822_1;Engelmeier GmbH & Co. KG
25742;1;https://www.bmw.de/de/shop/ls/cp/online-appointment?dealer=25742_1;Procar Automobile Münsterland GmbH
25742;2;https://www.bmw.de/de/shop/ls/cp/online-appointment?dealer=25742_2;Procar Automobile Münsterland GmbH
25742;3;https://www.bmw.de/de/shop/ls/cp/online-appointment?dealer=25742_3;Procar Automobile Münsterland GmbH
25742;4;https://www.bmw.de/de/shop/ls/cp/online-appointment?dealer=25742_4;Procar Automobile Münsterland GmbH
25742;5;https://www.bmw.de/de/shop/ls/cp/online-appointment?dealer=25742_5;Procar Automobile Münsterland GmbH
3788;1;https://www.bmw.de/de/shop/ls/cp/online-appointment?dealer=03788_1;Cloppenburg GmbH
34244;1;https://www.bmw.de/de/shop/ls/cp/online-appointment?dealer=34244_1;L+K Hackelbörger GmbH
34842;1;https://www.bmw.de/de/shop/ls/cp/online-appointment?dealer=34842_1;Auto Deters Rheine GmbH
34894;1;https://www.bmw.de/de/shop/ls/cp/online-appointment?dealer=34894_1;Wiemer Automobile GmbH
43942;1;https://www.bmw.de/de/shop/ls/cp/online-appointment?dealer=43942_1;Heiko Emde GmbH
81;1;https://www.bmw.de/de/shop/ls/cp/online-appointment?dealer=00081_1;Niederlassung Berlin
81;3;https://www.bmw.de/de/shop/ls/cp/online-appointment?dealer=00081_3;Niederlassung Berlin
81;6;https://www.bmw.de/de/shop/ls/cp/online-appointment?dealer=00081_6;Niederlassung Berlin
557;1;https://www.bmw.de/de/shop/ls/cp/online-appointment?dealer=00557_1;Nefzger GmbH & Co. KG
557;2;https://www.bmw.de/de/shop/ls/cp/online-appointment?dealer=00557_2;Nefzger GmbH & Co. KG
1263;1;https://www.bmw.de/de/shop/ls/cp/online-appointment?dealer=01263_1;B & K GmbH & Co. KG
1263;2;https://www.bmw.de/de/shop/ls/cp/online-appointment?dealer=01263_2;B & K GmbH & Co. KG
1263;3;https://www.bmw.de/de/shop/ls/cp/online-appointment?dealer=01263_3;B & K GmbH & Co. KG
1263;4;https://www.bmw.de/de/shop/ls/cp/online-appointment?dealer=01263_4;B & K GmbH & Co. KG
1263;5;https://www.bmw.de/de/shop/ls/cp/online-appointment?dealer=01263_5;B & K GmbH & Co. KG
1263;6;https://www.bmw.de/de/shop/ls/cp/online-appointment?dealer=01263_6;B & K GmbH & Co. KG
1263;7;https://www.bmw.de/de/shop/ls/cp/online-appointment?dealer=01263_7;B & K GmbH & Co. KG
1263;8;https://www.bmw.de/de/shop/ls/cp/online-appointment?dealer=01263_8;B & K GmbH & Co. KG
1263;10;https://www.bmw.de/de/shop/ls/cp/online-appointment?dealer=01263_10;B & K GmbH & Co. KG
1263;11;https://www.bmw.de/de/shop/ls/cp/online-appointment?dealer=01263_11;B & K GmbH & Co. KG
1263;12;https://www.bmw.de/de/shop/ls/cp/online-appointment?dealer=01263_12;B & K GmbH & Co. KG
1263;15;https://www.bmw.de/de/shop/ls/cp/online-appointment?dealer=01263_15;B & K GmbH & Co. KG
1263;17;https://www.bmw.de/de/shop/ls/cp/online-appointment?dealer=01263_17;B & K GmbH & Co. KG
1263;18;https://www.bmw.de/de/shop/ls/cp/online-appointment?dealer=01263_18;B & K GmbH & Co. KG
1872;1;https://www.bmw.de/de/shop/ls/cp/online-appointment?dealer=01872_1;Riller & Schnauck GmbH
1872;2;https://www.bmw.de/de/shop/ls/cp/online-appointment?dealer=01872_2;Riller & Schnauck GmbH
1872;5;https://www.bmw.de/de/shop/ls/cp/online-appointment?dealer=01872_5;Riller & Schnauck GmbH
3846;1;https://www.bmw.de/de/shop/ls/cp/online-appointment?dealer=03846_1;Andreas Ehrl Potsdam GmbH & Co. KG
4119;1;https://www.bmw.de/de/shop/ls/cp/online-appointment?dealer=04119_1;Wernecke GmbH
4119;2;https://www.bmw.de/de/shop/ls/cp/online-appointment?dealer=04119_2;Wernecke GmbH
4119;4;https://www.bmw.de/de/shop/ls/cp/online-appointment?dealer=04119_4;Wernecke GmbH
4115;1;https://www.bmw.de/de/shop/ls/cp/online-appointment?dealer=04115_1;Autohaus Ludwig GmbH
7343;1;https://www.bmw.de/de/shop/ls/cp/online-appointment?dealer=07343_1;Michael Ludwig e. K.
7343;2;https://www.bmw.de/de/shop/ls/cp/online-appointment?dealer=07343_2;Michael Ludwig e. K.
7343;3;https://www.bmw.de/de/shop/ls/cp/online-appointment?dealer=07343_3;Michael Ludwig e. K.
7808;1;https://www.bmw.de/de/shop/ls/cp/online-appointment?dealer=07808_1;Autohaus Skjellet GmbH
7808;2;https://www.bmw.de/de/shop/ls/cp/online-appointment?dealer=07808_2;Autohaus Skjellet GmbH
7808;3;https://www.bmw.de/de/shop/ls/cp/online-appointment?dealer=07808_3;Autohaus Skjellet GmbH
7825;1;https://www.bmw.de/de/shop/ls/cp/online-appointment?dealer=07825_1;Autohaus Reier GmbH & Co. KG
7825;2;https://www.bmw.de/de/shop/ls/cp/online-appointment?dealer=07825_2;Autohaus Reier GmbH & Co. KG
28147;1;https://www.bmw.de/de/shop/ls/cp/online-appointment?dealer=28147_1;Autohaus Graubaum GmbH
28750;1;https://www.bmw.de/de/shop/ls/cp/online-appointment?dealer=28750_1;Utzel & Littmann GmbH
36028;1;https://www.bmw.de/de/shop/ls/cp/online-appointment?dealer=36028_1;Marco Buzziol e.K.
48159;1;https://www.bmw.de/de/shop/ls/cp/online-appointment?dealer=48159_1;
83;1;https://www.bmw.de/de/shop/ls/cp/online-appointment?dealer=00083_1;Niederlassung Hamburg
83;2;https://www.bmw.de/de/shop/ls/cp/online-appointment?dealer=00083_2;Niederlassung Hamburg
83;5;https://www.bmw.de/de/shop/ls/cp/online-appointment?dealer=00083_5;Niederlassung Hamburg
83;9;https://www.bmw.de/de/shop/ls/cp/online-appointment?dealer=00083_9;Niederlassung Hamburg
83;10;https://www.bmw.de/de/shop/ls/cp/online-appointment?dealer=00083_10;Niederlassung Hamburg
901;1;https://www.bmw.de/de/shop/ls/cp/online-appointment?dealer=00901_1;STADAC
901;2;https://www.bmw.de/de/shop/ls/cp/online-appointment?dealer=00901_2;STADAC
901;3;https://www.bmw.de/de/shop/ls/cp/online-appointment?dealer=00901_3;STADAC
901;6;https://www.bmw.de/de/shop/ls/cp/online-appointment?dealer=00901_6;STADAC
901;7;https://www.bmw.de/de/shop/ls/cp/online-appointment?dealer=00901_7;STADAC
914;1;https://www.bmw.de/de/shop/ls/cp/online-appointment?dealer=00914_1;Autohaus Steen GmbH
1052;1;https://www.bmw.de/de/shop/ls/cp/online-appointment?dealer=01052_1;Autohaus Heuchert GmbH & Co. KG
3829;1;https://www.bmw.de/de/shop/ls/cp/online-appointment?dealer=03829_1;Autohaus Wigger GmbH
3829;2;https://www.bmw.de/de/shop/ls/cp/online-appointment?dealer=03829_2;Autohaus Wigger GmbH
4373;1;https://www.bmw.de/de/shop/ls/cp/online-appointment?dealer=04373_1;Wolter & Steiner GmbH
4373;2;https://www.bmw.de/de/shop/ls/cp/online-appointment?dealer=04373_2;Wolter & Steiner GmbH
23483;1;https://www.bmw.de/de/shop/ls/cp/online-appointment?dealer=23483_1;Wolter & Steiner
1062;1;https://www.bmw.de/de/shop/ls/cp/online-appointment?dealer=01062_1;Albert Bauer Schleswig GmbH
4670;1;https://www.bmw.de/de/shop/ls/cp/online-appointment?dealer=04670_1;Albert Bauer GmbH
34000;1;https://www.bmw.de/de/shop/ls/cp/online-appointment?dealer=34000_1;Albert Bauer Husum GmbH
2277;1;https://www.bmw.de/de/shop/ls/cp/online-appointment?dealer=02277_1;Karl Raudzus & Söhne GmbH & Co. KG
24333;1;https://www.bmw.de/de/shop/ls/cp/online-appointment?dealer=24333_1;Raudzus & Bossen
24342;1;https://www.bmw.de/de/shop/ls/cp/online-appointment?dealer=24342_1;May & Olde GmbH
24342;2;https://www.bmw.de/de/shop/ls/cp/online-appointment?dealer=24342_2;May & Olde GmbH
24342;3;https://www.bmw.de/de/shop/ls/cp/online-appointment?dealer=24342_3;May & Olde GmbH
24342;4;https://www.bmw.de/de/shop/ls/cp/online-appointment?dealer=24342_4;May & Olde GmbH
24342;5;https://www.bmw.de/de/shop/ls/cp/online-appointment?dealer=24342_5;May & Olde GmbH
24342;6;https://www.bmw.de/de/shop/ls/cp/online-appointment?dealer=24342_6;May & Olde GmbH
24342;7;https://www.bmw.de/de/shop/ls/cp/online-appointment?dealer=24342_7;May & Olde GmbH
28043;1;https://www.bmw.de/de/shop/ls/cp/online-appointment?dealer=28043_1;Autohaus Riegel GmbH
28269;1;https://www.bmw.de/de/shop/ls/cp/online-appointment?dealer=28269_1;Autohaus Nord GmbH
28652;1;https://www.bmw.de/de/shop/ls/cp/online-appointment?dealer=28652_1;Stoltenberg Automobile GmbH & Co. KG
30310;1;https://www.bmw.de/de/shop/ls/cp/online-appointment?dealer=30310_1;Grotewohlt GmbH
33240;1;https://www.bmw.de/de/shop/ls/cp/online-appointment?dealer=33240_1;Manfred Eggert GmbH
33240;2;https://www.bmw.de/de/shop/ls/cp/online-appointment?dealer=33240_2;Manfred Eggert GmbH
33240;3;https://www.bmw.de/de/shop/ls/cp/online-appointment?dealer=33240_3;Manfred Eggert GmbH
33501;1;https://www.bmw.de/de/shop/ls/cp/online-appointment?dealer=33501_1;Hugo Pfohe GmbH
33985;1;https://www.bmw.de/de/shop/ls/cp/online-appointment?dealer=33985_1;Genzel & Co. GmbH
34269;1;https://www.bmw.de/de/shop/ls/cp/online-appointment?dealer=34269_1;M & M Parchim GmbH
34794;1;https://www.bmw.de/de/shop/ls/cp/online-appointment?dealer=34794_1;Autohaus Norbert Stang e. K.
35136;1;https://www.bmw.de/de/shop/ls/cp/online-appointment?dealer=35136_1;Leschitzki GmbH
35232;1;https://www.bmw.de/de/shop/ls/cp/online-appointment?dealer=35232_1;Autohaus Hansa Nord GmbH
35232;2;https://www.bmw.de/de/shop/ls/cp/online-appointment?dealer=35232_2;Autohaus Hansa Nord GmbH
35232;3;https://www.bmw.de/de/shop/ls/cp/online-appointment?dealer=35232_3;Autohaus Hansa Nord GmbH
35232;4;https://www.bmw.de/de/shop/ls/cp/online-appointment?dealer=35232_4;Autohaus Hansa Nord GmbH
35232;5;https://www.bmw.de/de/shop/ls/cp/online-appointment?dealer=35232_5;Autohaus Hansa Nord GmbH
35232;7;https://www.bmw.de/de/shop/ls/cp/online-appointment?dealer=35232_7;Autohaus Hansa Nord GmbH
36166;1;https://www.bmw.de/de/shop/ls/cp/online-appointment?dealer=36166_1;Autohaus Lars Rosenkranz e.K.
1288;1;https://www.bmw.de/de/shop/ls/cp/online-appointment?dealer=01288_1;Niederlassung Hannover
1288;2;https://www.bmw.de/de/shop/ls/cp/online-appointment?dealer=01288_2;Niederlassung Hannover
1288;5;https://www.bmw.de/de/shop/ls/cp/online-appointment?dealer=01288_5;Niederlassung Göttingen
161;1;https://www.bmw.de/de/shop/ls/cp/online-appointment?dealer=00161_1;Gebr. Siekmann GmbH
163;1;https://www.bmw.de/de/shop/ls/cp/online-appointment?dealer=00163_1;Block am Ring GmbH & Co. KG
163;2;https://www.bmw.de/de/shop/ls/cp/online-appointment?dealer=00163_2;Block am Ring GmbH & Co. KG
163;4;https://www.bmw.de/de/shop/ls/cp/online-appointment?dealer=00163_4;Block am Ring GmbH & Co. KG
163;6;https://www.bmw.de/de/shop/ls/cp/online-appointment?dealer=00163_6;Block am Ring GmbH & Co. KG
163;7;https://www.bmw.de/de/shop/ls/cp/online-appointment?dealer=00163_7;Block am Ring GmbH & Co. KG
163;8;https://www.bmw.de/de/shop/ls/cp/online-appointment?dealer=00163_8;Block am Ring
163;9;https://www.bmw.de/de/shop/ls/cp/online-appointment?dealer=00163_9;Block am Ring GmbH & Co. KG
863;1;https://www.bmw.de/de/shop/ls/cp/online-appointment?dealer=00863_1;Walkenhorst Melle GmbH
22149;1;https://www.bmw.de/de/shop/ls/cp/online-appointment?dealer=22149_1;Walkenhorst Ibbenbüren GmbH
22481;1;https://www.bmw.de/de/shop/ls/cp/online-appointment?dealer=22481_1;Walkenhorst Osnabrück GmbH
29150;1;https://www.bmw.de/de/shop/ls/cp/online-appointment?dealer=29150_1;Walkenhorst Gütersloh GmbH
33213;1;https://www.bmw.de/de/shop/ls/cp/online-appointment?dealer=33213_1;Walkenhorst Diepholz GmbH
40263;1;https://www.bmw.de/de/shop/ls/cp/online-appointment?dealer=40263_1;Walkenhorst Vechta GmbH
40369;1;https://www.bmw.de/de/shop/ls/cp/online-appointment?dealer=40369_1;Autohaus Walkenhorst Cloppenburg GmbH
3433;1;https://www.bmw.de/de/shop/ls/cp/online-appointment?dealer=03433_1;Autohaus Hinzmann GmbH
4210;1;https://www.bmw.de/de/shop/ls/cp/online-appointment?dealer=04210_1;Autohaus Leinetal GmbH
4210;2;https://www.bmw.de/de/shop/ls/cp/online-appointment?dealer=04210_2;Autohaus Leinetal GmbH
200;1;https://www.bmw.de/de/shop/ls/cp/online-appointment?dealer=00200_1;Autohaus Menke GmbH
4504;1;https://www.bmw.de/de/shop/ls/cp/online-appointment?dealer=04504_1;Autohaus Menke GmbH
30443;1;https://www.bmw.de/de/shop/ls/cp/online-appointment?dealer=30443_1;Autohaus Menke GmbH Vechta
1068;1;https://www.bmw.de/de/shop/ls/cp/online-appointment?dealer=01068_1;Autohaus Becker-Tiemann Bielefeld
1068;2;https://www.bmw.de/de/shop/ls/cp/online-appointment?dealer=01068_2;Autohaus Becker-Tiemann Bielefeld
23463;1;https://www.bmw.de/de/shop/ls/cp/online-appointment?dealer=23463_1;Autohaus Becker-Tiemann GmbH & Co. KG
23463;3;https://www.bmw.de/de/shop/ls/cp/online-appointment?dealer=23463_3;Autohaus Becker-Tiemann GmbH & Co. KG
29344;1;https://www.bmw.de/de/shop/ls/cp/online-appointment?dealer=29344_1;Autohaus Becker-Tiemann
29344;2;https://www.bmw.de/de/shop/ls/cp/online-appointment?dealer=29344_2;Autohaus Becker-Tiemann
32292;1;https://www.bmw.de/de/shop/ls/cp/online-appointment?dealer=32292_1;Autohaus Becker-Tiemann
32292;2;https://www.bmw.de/de/shop/ls/cp/online-appointment?dealer=32292_2;Autohaus Becker-Tiemann
32292;3;https://www.bmw.de/de/shop/ls/cp/online-appointment?dealer=32292_3;Autohaus Becker-Tiemann
27916;1;https://www.bmw.de/de/shop/ls/cp/online-appointment?dealer=27916_1;Kattenstroth Automobile e.K.
27916;2;https://www.bmw.de/de/shop/ls/cp/online-appointment?dealer=27916_2;Kattenstroth Automobile e.K.
28040;1;https://www.bmw.de/de/shop/ls/cp/online-appointment?dealer=28040_1;Walter Gülke GmbH & Co. KG
28497;1;https://www.bmw.de/de/shop/ls/cp/online-appointment?dealer=28497_1;Autohaus Hilgert GmbH
29219;1;https://www.bmw.de/de/shop/ls/cp/online-appointment?dealer=29219_1;Autohaus Möhring
2429;2;https://www.bmw.de/de/shop/ls/cp/online-appointment?dealer=02429_2;Cloppenburg GmbH
34062;1;https://www.bmw.de/de/shop/ls/cp/online-appointment?dealer=34062_1;Autohaus Felske GmbH
34767;1;https://www.bmw.de/de/shop/ls/cp/online-appointment?dealer=34767_1;Gebr. Siekmann Springe GmbH
43526;1;https://www.bmw.de/de/shop/ls/cp/online-appointment?dealer=43526_1;Autohaus Isernhagen e.K.
1288;6;https://www.bmw.de/de/shop/ls/cp/online-appointment?dealer=01288_6;Niederlassung Bremen
23970;3;https://www.bmw.de/de/shop/ls/cp/online-appointment?dealer=23970_3;Automobilgesellschaft Wahl mbH & Co. KG
167;1;https://www.bmw.de/de/shop/ls/cp/online-appointment?dealer=00167_1;H. Freese GmbH & Co. KG
167;13;https://www.bmw.de/de/shop/ls/cp/online-appointment?dealer=00167_13;H. Freese GmbH & Co. KG
1592;1;https://www.bmw.de/de/shop/ls/cp/online-appointment?dealer=01592_1;Kayser Autohaus GmbH & Co. KG
7491;1;https://www.bmw.de/de/shop/ls/cp/online-appointment?dealer=07491_1;Autohaus H. Freese GmbH & Co. KG
893;1;https://www.bmw.de/de/shop/ls/cp/online-appointment?dealer=00893_1;Helming & Sohn GmbH
893;3;https://www.bmw.de/de/shop/ls/cp/online-appointment?dealer=00893_3;Helming & Sohn GmbH
893;4;https://www.bmw.de/de/shop/ls/cp/online-appointment?dealer=00893_4;Helming & Sohn GmbH
893;5;https://www.bmw.de/de/shop/ls/cp/online-appointment?dealer=00893_5;Helming & Sohn GmbH
1047;1;https://www.bmw.de/de/shop/ls/cp/online-appointment?dealer=01047_1;Autohaus Tekken GmbH
2726;1;https://www.bmw.de/de/shop/ls/cp/online-appointment?dealer=02726_1;Autohaus Tekken Emden GmbH & Co. KG
31227;1;https://www.bmw.de/de/shop/ls/cp/online-appointment?dealer=31227_1;Autohaus Tekken Leer GmbH & Co. KG
32517;1;https://www.bmw.de/de/shop/ls/cp/online-appointment?dealer=32517_1;Autohaus Tekken Aurich GmbH & Co. KG
1574;1;https://www.bmw.de/de/shop/ls/cp/online-appointment?dealer=01574_1;Gerd Hoyer GmbH
23532;1;https://www.bmw.de/de/shop/ls/cp/online-appointment?dealer=23532_1;Autohaus Hoyer GmbH
24604;1;https://www.bmw.de/de/shop/ls/cp/online-appointment?dealer=24604_1;Gerd Hoyer GmbH
332;1;https://www.bmw.de/de/shop/ls/cp/online-appointment?dealer=00332_1;Bobrink GmbH
332;2;https://www.bmw.de/de/shop/ls/cp/online-appointment?dealer=00332_2;Bobrink GmbH
332;3;https://www.bmw.de/de/shop/ls/cp/online-appointment?dealer=00332_3;Bobrink GmbH
2428;1;https://www.bmw.de/de/shop/ls/cp/online-appointment?dealer=02428_1;Bobrink & Co. GmbH
2428;3;https://www.bmw.de/de/shop/ls/cp/online-appointment?dealer=02428_3;Bobrink & Co. GmbH
2428;4;https://www.bmw.de/de/shop/ls/cp/online-appointment?dealer=02428_4;Bobrink & Co. GmbH
4755;1;https://www.bmw.de/de/shop/ls/cp/online-appointment?dealer=04755_1;E. Brinkmann GmbH
4755;2;https://www.bmw.de/de/shop/ls/cp/online-appointment?dealer=04755_2;E. Brinkmann GmbH
33251;1;https://www.bmw.de/de/shop/ls/cp/online-appointment?dealer=33251_1;Cloppenburg GmbH
33251;2;https://www.bmw.de/de/shop/ls/cp/online-appointment?dealer=33251_2;Cloppenburg GmbH
33251;3;https://www.bmw.de/de/shop/ls/cp/online-appointment?dealer=33251_3;Cloppenburg GmbH
33251;4;https://www.bmw.de/de/shop/ls/cp/online-appointment?dealer=33251_4;Cloppenburg GmbH
31668;1;https://www.bmw.de/de/shop/ls/cp/online-appointment?dealer=31668_1;Autohaus Stoffers GmbH
